Codigo;Descripcion_ES;Descripcion_EU
101100;EXPLOTACION EXTENSIVA DE GANADO BOVINO;BETABEREEN USTIAPEN ESTENSIBOA 
101200;EXPLOTACION INTENSIVA DE GANADO BOVINO DE LECHE;ESNETARAKO BETABEREEN USTIAPEN SARRIA 
101300;EXPLOTACION INTENSIVA DE GANADO BOVINO DE CEBO;GIZENTZEKO BETABEREEN USTIAPEN SARRIA 
102100;EXPLOTACION EXTENSIVA DE GANADO OVINO;ARDI-ABEREEN USTIAPEN ESTENSIBOA 
102200;EXPLOTACION INTENSIVA DE GANADO OVINO DE CRIA;HAZKUNTZARAKO ARDI-ABEREEN USTIAPEN SARRIA 
102300;EXPLOTACION INTENSIVA DE GANADO OVINO DE CEBO;GIZENTZEKO ARDI-ABEREEN USTIAPEN SARRIA 
1024000;EXPLOTACION DE GANADO CAPRINO (EXTENSIVAS Y OTRAS);AHUNTZ ABEREEN USTIAPENA (ESTENTSIBOAK ETA BESTE BATZUK)
1024001;EXPLOTACION DE GANADO CAPRINO (INTENSIVA DE LECHE);AHUNTZ ABEREEN USTIAPENA (INTENTSIBOA, ESNEARENA)
1024002;EXPLOTACION DE GANADO CAPRINO (INTENSIVA DE CARNE);AHUNTZ GANADUAREN USTIAPENA (INTENTSIBOA, HARAGIARENA)
103100;EXPLOTACION EXTENSIVA DE GANADO PORCINO;TXERRI-ABEREEN USTIAPEN ESTENSIBOA 
103200;EXPLOTACION INTENSIVA DE GANADO PORCINO DE CRIA;HAZKUNTZARAKO TXERRI-ABEREEN USTIAPEN SARRIA 
103300;EXPLOTACION INTENSIVA DE GANADO PORCINO DE CEBO;GIZENTZEKO TXERRI-ABEREEN USTIAPEN SARRIA 
104110;REPRODUCTORAS DE PUESTA;ERRUN ETA UGALKETARAKOAK 
1041200;PONEDORAS DE HUEVOS A PARTIR DE LOS CUATRO MESES DE EDAD (INTENSIVA);LAU HILABETETIK GORAKO ARRAUTZA-ERRULEAK (INTENTSIBOA)
1041201;PONEDORAS DE HUEVOS A PARTIR DE LOS CUATRO MESES DE EDAD (EXTENSIVA);LAU HILABETETIK GORAKO ARRAUTZA-ERRULEAK (ESTENTSIBOA)
104210;REPRODUCTORAS DE CARNE;OKELA ETA UGALKETARAKOAK 
104220;POLLOS Y PATOS PARA CARNE;OKELATARAKO OILASKO ETA AHATEAK 
104230;PAVOS, FAISANES Y PALMIPEDAS REPRODUCTORAS;UGALKETARAKO INDIOILO-OILAR, FAISAI ETA PALMIPEDIAK 
104240;PAVOS, FAISANES Y PALMIPEDAS PARA CARNE;OKELATARAKO INDIOILO-OILAR, FAISAI ETA PALMIPEDOAK 
104250;CODORNICES PARA CARNE;OKELATARAKO GALEPERRAK 
105100;CUNICULTURA;UNTXIZANTZA 
106100;EXPLOTACIONES DE GANADO CABALLAR, MULAR Y ASNAL;ZALDI-, MANDO-, ETA ASTO-ABEREEN USTIAPENA 
106200;APICULTURA;ERLAZANTZA 
1069001;OTRAS EXPLOTACIONES GANADERAS (INTENSIVA DE GANADO BOVINO CRIA);BESTE GANADU-USTIAPEN BATZUK (INTENTSIBOA, BEHI GANADUA HAZTEKOA)
1069002;OTRAS EXPLOTACIONES GANADERAS (INTENSIVA DE GANADO OVINO DE LECHE);BESTE GANADU-USTIAPEN BATZUK (INTENTSIBOA, ARDI GANADUA, ESNEARENA)
1069003;OTRAS EXPLOTACIONES GANADERAS (AVICULTURA DE CARNE, OTRAS ESPECIES);BESTE GANADU-USTIAPEN BATZUK (HARAGITARAKO HEGAZTIAK HAZTEA, BESTE ESPEZIE BATZUK)
107100;EXPLOTACIONES MIXTAS;USTIAPEN MISTOAK 
111110;EXTRACCION Y PREPARACION DE HULLA, EXCEPTO HULLA SUBBITUMINOSA;HARRIKATZAREN ERAUZKETA ETA PRESTAKETA, HARRIKATZ AZPIUITSUARENA EZIK 
111120;EXTRACCION Y PREPARACION DE HULLA SUBBITUMINOSA (LIGNITO NEGRO);HARRIKATZ AZPIUITSUAREN ERAUZKETA ETA PRESTAKETA (LIGNITO BELTZA). 
111130;PREPARACION DE HULLA EN FACTORIA INDEPENDIENTE O FUERA DEL PERIMETRO CONCESION;APARTEKO EDO USTIATEGIAREN PERIMETROAZ LANDAKO LANTOKIAN HARRIKATZA PRESTATZEA 
111140;AGLOMERACION DE HULLA;HARRIKATZAREN AGLOMERAZIOA 
111210;EXTRACCION Y PREPARACION DE ANTRACITA;ANTRAZITAREN ERAUZKETA ETA PRESTAKETA 
111220;PREPARACION DE ANTRACITA EN FACTORIA INDEPENDIENTE O FUERA DEL PERIMETRO CONC.;APARTEKO EDO USTIATEGIAREN PERIMETROAZ LANDAKO LANTOKIAN ANTRAZITA PRESTATZEA. 
111310;EXTRACCION Y PREPARACION DE LIGNITO PARDO;LIGNITO NABARRAREN ERAUZKETA ETA PRESTAKETA 
111320;PREPARACION DE LIGNITO PARDO EN FACTORIA INDEPENDIENTE O FUERA PERIMETRO CONC.;APARTEKO EDO USTIATEGIAREN PERIMETROAZ LANDAKO LANTOKIAN ANTRAZITA PRESTATZEA. 
111400;FABRICACION DE COQUE;KOKEKINEN FABRIKAZIOA 
112110;TRABAJOS DE TESTIFICACION POR DIVERSOS PROCEDIMIENTOS, EN SONDEOS, DETERMINA..;ZUNDAPIDEZKO LEKUKOTZA-LANAK, OSAKETA ZEHARKATUEN EZAUGARRIEN ZEHAZTAPEN, ZUND 
112120;TRABAJOS PARA DESVIACION DE SONDEOS Y CIMENTACION DE POZOS, FRACT.O ACIDIFICA.;ZUNDAKETAK DESBIDERATU ETA PUTZUAK ZIMENDATZEKO LANAK, HAITZEN HAUSTURA EDO AZ 
112130;TRABAJOS DE TOMAS DE MEDIDA DE PRESION DE FONDO DE POZOS, APERTURA Y CIERRE DE;PUTZUETAKO SAKONERAREN PRESIOA HARTZEKO LANAK, BERAUEK EGITEKO BERAIEN IREKIER 
112190;OTRAS ACTIVIDADES RELACIONADAS CON LA PROSPECCION DE PETROLEO Y GAS NATURAL Y;PETROLIOAREN ETA IZADIKO GASAREN PROSPEKZIOAREKIN ZERIKUSIRIK DUTEN BESTE IHAR 
112210;EXTRACCION DE CRUDOS DE PETROLEO;PETROLIOAREN GORDINKINEN ERAUZKETA 
112220;DISTRIBUCION DE CRUDOS DE PETROLEO;PETROLIOAREN GORDINKINEN BANAKETA 
112310;EXTRACCION Y DEPURACION DE GAS NATURAL;IZADIKO GASAREN ERAUZKETA ETA ARAZKETA 
112320;DISTRIBUCION DE GAS NATURAL;IZADIKO GASAREN BANAKETA 
112400;EXTRACCION DE PIZARRAS BITUMINOSAS;HARBEL UITSUEN ERAUZKETA 
113000;REFINO DE PETROLEO;PETROLIOAREN BIRFINKETA 
114100;EXTRACCION Y PREPARACION DE MINERALES RADIACTIVOS;MEA ERRADIOAKTIBOEN ERAUZKETA ETA PRESTAKETA 
114200;PREPARACION DE MINERALES RADIACTIVOS EN FACTORIA INDEPENDIENTE FUERA DEL PERIM;APARTEKO EDO USTIATEGIAREN PERIMETROAZ LANDAKO LANTOKIAN MEA ERRADIO.PRESTAKUN 
114310;TRANSFORMACION DE MINERALES RADIACTIVOS;MEA ERRADIOAKTIBOEN TRANSFORMAZIOA 
114320;TRATAMIENTO DE RESIDUOS RADIACTIVOS;HONDAKIN ERRADIOAKTIBOEN TRATAMENDUA 
114330;ALMACENAMIENTO DE RESIDUOS RADIACTIVOS;HONDAKIN ERRAKIOAKTIBOEN BILTEGIRATZEA 
115110;PRODUCCION DE ENERGIA HIDROELECTRICA;ENERGIA HIDROELEKTRIKOAREN EKOIZPENA 
115120;PRODUCCION DE ENERGIA TERMOELECTRICA CONVENCIONAL;OHIZKO ENERGIA TERMOELEKTRIKOAREN EKOIZPENA 
115130;PRODUCCION DE ENERGIA ELECTRONUCLEAR;ENERGIA ELEKTRONUKLEARRAREN EKOIZPENA 
115140;PRODUCCION DE ENERGIA NO ESPECIFICADA EN LOS EPIGRAFES ANTERIORES, ABARCANDO;AURREKO EPIGRAFEETAN ZEHAZTU EZ DEN ENERGIAREN EKOIZPENA, EGUSKIARENA ETA ABAR 
115150;TRANSPORTE Y DISTRIBUCION DE LA ENERGIA ELECTRICA;ENERGIA ELEKTRIKOAREN GARRAIO ETA BANAKETA 
115160;COMERCIALIZACIÓN DE ENERGÍA ELÉCTRICA;ENERGIA ELEKTRIKOAREN MERKATURATZEA
115210;FABRICACION Y DISTRIBUCION DE GAS;GASAREN FABRIKAZIO ETA BANAKETA 
115220;COMERCIALIZACIÓN DE GAS;GASAREN MERKATURATZEA
115300;PRODUCCION Y DISTRIBUCION DE VAPOR Y AGUA CALIENTE;LURRIN ETA UR BEROAREN EKOIZPEN ETA BANAKETA 
116110;CAPTACION, TRATAMIENTO Y DISTRIBUCION DE AGUA PARA NUCLEOS URBANOS.;HIRIGUNETARAKO URAREN HARRERA, TRATAMENDU ETA BANAKETA 
116120;CAPTACION DE AGUA PARA SU SUMINISTRO;URAREN HARRERA HORNIDURARAKO 
116130;TRATAMIENTO DE AGUA PARA SU SUMINISTRO;URAREN TRATAMENDUA HORNIDURARAKO 
116140;DISTRIBUCION DE AGUA PARA NUCLEOS URBANOS;URAREN BANAKETA HIRIGUNEETARAKO 
116200;FABRICACION DE HIELO PARA LA VENTA;SALMENTARAKO IZOTZAREN FABRIKAZIOA 
121110;EXTRACCION Y PREPARACION DE MINERALES FERREOS;BURDINA-MEEN ERAUZKETA ETA PRESTAKETA 
121120;PREPARACION DE MINERALES FERREOS EN FACTORIA INDEPENDIENTE O FUERA DEL PERIMET;APARTEKO EDO MEA-USTIATEGI EDO EMAKIDAREN PERIMETROAZ LANDAKO LANTOKIAN BURDI. 
121210;EXTRACCION Y PREPARACION DE MINERALES METALICOS NO FERREOS;BURDINAZKOAK EZ DIREN METALEZKO MEEN ERAUZKETA ETA PRESTAKETA 
121220;PREPARACION DE MINERALES METALICOS NO FERREOS EN FACTORIA INDEPENDIENTE O SITU;APARTEKO EDO MEA-USTIATEGI EDO EMAKIDAREN PERIMETROAZ LANDAKO LANTOKIAN BURDI. 
122100;SIDERURGIA INTEGRAL;BURDINAGINTZA INTEGRALA 
122200;SIDERURGIA NO INTEGRAL;BURDINAGINTZA EZ INTEGRALA 
122300;FABRICACION DE TUBOS DE ACERO;ALTZAIRUZKO TUTUEN FABRIKAZIOA 
122400;TREFILADO, ESTIRADO, PERFILADO, LAMINADO EN FRIO DEL ACERO;TALDEA. TREFILAKETA, TEINKAKETA, PROFILAKETA, ALTZAIRUAREN HOTZETAKO IJEZKETA 
122510;PRODUCCION Y PRIMERA TRANSFORMACION DEL ALUMINIO;ALUMINIOAREN EKOIZPEN ETA LEHEN TRANSFORMAZIOA 
122520;PRODUCCION Y PRIMERA TRANSFORMACION DEL COBRE;KOBREAREN EKOIZPEN ETA LEHEN TRANSFORMAZIOA 
122590;PRODUCCION Y PRIMERA TRANSFORMACION DE OTROS METALES NO FERREOS N.C.O.P.;BURDINAZKOAK EZ DIREN ETA BESTELAKO ATALETAN BILDU EZ DIREN METALEN EKOIZPEN. 
123110;EXTRACCION DE SUSTANCIAS ARCILLOSAS;BUZTINEZKO SUBSTANTZIEN ERAUZKETA 
123120;EXTRACCION DE ROCAS Y PIZARRAS PARA LA CONSTRUCCION;HAITZ ETA HARBELEN ERAUZKETA, ERAIKINTZARAKO 
123130;EXTRACCION DE ARENAS Y GRAVAS PARA LA CONSTRUCCION;AREA ETA LEGARREN ERAUZKETA, ERAIKINTZARAKO 
123140;EXTRACCION DE YESO;IGELTSUEN ERAUZKETA. 
123190;EXTRACCION DE OTROS MATERIALES DE CONSTRUCCION N.C.O.P.;BESTELAKO ATALETAN BILDU EZ DIREN ERAIKINTZAKO MATERIALEN ERAUZKETA 
123210;EXTRACCION DE OPERATIONS POTASICAS;POTASIO GATZEN ERAUZKETA 
123220;EXTRACCION DE FOSFATOS Y NITRATOS;FOSFATO ETA NITRATOEN ERAUZKETA 
123310;EXTRACCION DE SAL MARINA;ITSASOKO GATZAREN ERAUZKETA 
123320;EXTRACCION DE SAL MANANTIAL Y SAL GEMA;URBEGIKO GATZAREN ETA GEMA GATZAREN ERAUZKETA 
123400;EXTRACCION DE PIRITAS Y AZUFRE;SUFRE PIRITEN ERAUZKETA 
123910;EXTRACCION DE FLUORITA;FLUORITAREN ERAUZKETA 
123920;EXTRACCION DE TURBA;ZOHIKATZAREN ERAUZKETA 
123990;EXTRACCION DE OTROS MINERALES NO METALICOS NI ENERGETICOS N.C.O.P.;BESTELAKO ATALETAN BILDU EZ DIREN ETA EZ METALIK EZ ENERGIARIK DUTEN MEEN ERA. 
124100;FABRICACION DE PRODUCTOS TIERRAS COCIDAS PARA LA CONSTRUCCION (EXCEP.REFRA.);ERAIKINTZARAKO LUR EGOSIZKO EKOIZKINEN MATERIALEN FABRIKAZIOA (GAI ERREGOGORR. 
124210;FABRICACION DE CEMENTOS ARTIFICIALES;ZEMENTU ARTIFIZIALEN FABRIKAZIOA 
124220;FABRICACION DE CEMENTOS NATURALES;IZADIKO ZEMENTUEN FABRIKAZIOA 
124230;FABRICACION DE CALES Y YESO;IGELTSU KAREEN FABRIKAZIOA 
124310;FABRICACION DE HORMIGONES PREPARADOS;ORMIGOI PRESTATUEN FABRIKAZIOA 
124320;FABRICACION DE PRODUCTOS EN FIBROCEMENTO;FIBROZEMENTUZKO EKOIZKINEN FABRIKAZIOA 
124330;FABRICACION DE OTROS ARTICULOS DERIVADOS DEL CEMENTO, EXCEPTO PAVIMENTOS;ZEMENTUAREN BESTE EKOIZKIN ERATORRI BATZUREN FABRIKAZIOA, ZOLADURAK EZIK 
124340;FABRICACION DE PAVIMENTOS DERIVADOS DEL CEMENTO;ZEMENTUZKO ZOLADURA ERATORRIEN FABRIKAZIOA 
124350;FABRICACION DE ARTICULOS DERIVADOS DEL YESO Y ESCAYOLA;IGELTSU ESKAIOLEN GAI ERATORRIEN FABRIKAZIOA 
124400;INDUSTRIAS DE LA PIEDRA NATURAL;IZADIKO HARRIAREN INDUSTRIAK 
124500;FABRICACION DE ABRASIVOS;KISKALGAILUEN FABRIKAZIOA 
124610;FABRICACION DE VIDRIO PLANO;BEIRA LAUNAREN FABRIKAZIOA 
124620;FABRICACION DE VIDRIO HUECO;BEIRA HUTSAREN FABRIKAZIOA 
124630;FABRICACION DE VIDRIO TECNICO;BEIRA TEKNIKOAREN FABRIKAZIOA 
124640;FABRICACION DE FIBRA DE VIDRIO;BEIRAZKO ZUNTZAREN FABRIKAZIOA 
124650;MANIPULADO DE VIDRIO;BEIRAREN ESKUZTAPENA. 
124660;FABRICACION DE FRITAS Y ESMALTES CERAMICOS;FRITAKINEN ETA ESMALTE ZERAMIKOEN FABRIKAZIOA 
124710;FABRICACION DE ARTICULOS REFRACTARIOS;GAI ERREGOGORREN FABRIKAZIOA 
124720;FABRICACION DE BALDOSAS PARA PAVIMENTACION O REVESTIMIENTO SIN BARNIZAR NI ESM;ZOLADURAAK EDOTA GAINJAZKIAK EGITEKO DIREN BALDOSA BERNIZTUGABE ETA ESMALTATU 
124730;FABRICACION DE BALDOSAS PARA PAVIMENTACION O REVESTIMIENTO BARNIZADAS O ESMALT;ZOLADURAK EDOTA GAINJAZKIAK EGITEKO DIREN BALDOSA BERNIZTU ETA ESMALTATUEN FA. 
124740;FABRICACION DE VAJILLAS, ARTICULOS DEL HOGAR Y OBJ. ADORNO, DE MATERIAL CERAMI;BAXERERIA, ETXEKO GAI ETA ZERAMIKAZKO MATERIALEN APAINKETARAKO GAIEN FABRIKAZI 
124750;FABRICACION DE APARATOS SANITARIOS DE LOZA, PORCELANA, Y GRES;LOZA, PORTZELANA ETA GRESEZKO SANITATE APARATUEN FABRIKAZIOA 
124760;FABRICACION AISLADORES Y PIEZAS AISLANTES MATERIAL CERAMICO PARA INSTAL.ELECT.;INSTALAZIO ELEKTRIKOETARAKO ZERAMIKAZKO ISOLAGAILU ETA PIEZA ISOLAGARRIEN FAB. 
124790;FABRICACION DE OTROS ARTICULOS CERAMICOS N.C.O.P.;BESTELAKO ATALETAN BILDU EZ DIREN ZERAMIKAZKO GAIEN FABRIKAZIOA. 
124900;INDUSTRIAS DE OTROS PRODUCTOS MINERALES NO METALICOS N.C.O.P.;BESTELAKO ATALETAN BILDU EZ DIREN METALIK GABEKO MEA-EKOIZKINEN FABRIKAZIOA 
125110;FABRICACION DE PRODUCTOS QUIMICOS ORGANICOS DE ORIGEN PETROQUIMICO;JATORRI PETROKIMIKOA DUTEN EKOIZKIN KIMIKO ORGANIKOEN FABRIKAZIOA 
125120;FABRICACION DE OTROS PRODUCTOS QUIMICOS ORGANICOS;BESTE EKOIZKIN KIMIKO ORGANIKO BATZUREN FABRIKAZIOA 
125130;FABRICACION DE PRODUCTOS QUIMICOS INORGANICOS (EXCEPTO GASES COMPRIMIDOS);EKOIZKIN KIMIKO EZ ORGANIKOEN FABRIKAZIOA (GAS KONPRIMATUAK EZIK) 
125140;FABRICACION DE PRIMERAS MATERIAS PLASTICAS;LEHENGAI PLASTIKOEN FABRIKAZIOA 
125150;FABRICACION DE CAUCHOS Y LATEX SINTETICOS;KAUTXU ETA LATEX SINTETIKOEN FABRIKAZIOA 
125160;PRODUCCION DE FIBRAS ARTIFICIALES Y SINTETICAS;ZUNTZ ARTIFIZIAL SINTETIKOEN EKOIZPENA 
125170;FABRICACION DE ACIDO ANHIDRIDO FTALICO Y MALEICO;AZIDO ETA ANHIDRIDO FTALIKO MALEIKOEN FABRIKAZIOA 
125210;FABRICACION DE ABONOS;ONGARRIEN FABRIKAZIOA 
125220;FABRICACION DE PLAGUICIDAS;ZOMORRO HILKARIEN FABRIKAZIOA 
125310;FABRICACION DE GASES COMPRIMIDOS;GAS KONPRIMATUEN FABRIKAZIOA 
125320;FABRICACION DE COLORANTES Y PRIGMENTOS;KOLOREKARI ETA PIGMENTUEN FABRIKAZIOA 
125330;FABRICACION DE PINTURAS, BARNICES Y LACAS;PINTURA, BERNIZ ETA LAKEN FABRIKAZIOA 
125340;FABRICACION DE TINTAS DE IMPRENTA;MOLDIZTEGIKO TINDEN FABRIKAZIOA 
125350;TRATAMIENTO DE ACEITES Y GRASAS PARA USOS INDUSTRIALES;INDUSTRIAN ERABILTZEKO DIREN OLIO ETA KOIPEEN FABRIKAZIOA 
125360;FABRICACION DE ACEITES ESENCIALES Y DE SUSTANCIAS AROMATICAS, NATURALES Y SINT;ESENTZIAZKO OLIOEN ETA SUBSTANTZIA AROMATIKO NATURAL ETA SINTETIKOEN FABRIKAZI 
125370;FABRICACION DE COLAS Y GELATINAS Y PROD.AUXILIARES PARA IND.TEXTIL,CUERO Y CAU;EHUN, LARRU ETA KAUTXUGINTZARAKO KOLA, GELATINA ETA EKOIZKIN LAGUNGARRIEN FAB. 
125380;FABRICACION DE EXPLOSIVOS;LEHERGAILUEN FABRIKAZIOA 
125390;FABRICACION DE OTROS PRODUCTOS QUIMICOS DE USO INDUSTRIAL N.C.O.P.;BESTELAKO ATALETAN BILDU EZ DIREN INDUSTRI ERABILERAKO EKOIZKIN KIMIKOEN FABR. 
125410;FABRICACION DE PRODUCTOS FARMACEUTICOS;BASEZKO FARMAZI EKOIZKINEN FABRIKAZIOA 
125420;FABRICACION DE ESPECIALIDADES Y OTROS PRODUCTOS FARMACEUTICOS;FARMAZIAKO ESPEZIALITATEEN ETA BESTE EKOIZKIN BATZUREN FABRIKAZIOA 
125510;FABRICACION DE JABONES COMUNES, DETERGENTES Y LEJIAS;XABOI ARRUNT, GARBIKARI ETA LIXIBEN FABRIKAZIOA 
125520;FABRICACION DE JABONES DE TOCADOR Y OTROS PRODUCTOS DE PERFUMERIA Y COSMETICA;APAINMAHAIKO XABOIEN ETA LURRINGINTZA ETA KOSMETIKAKO BESTE EKOIZKIN BATZUREN 
125530;FABRICACION DE DERIVADOS DE CERAS Y PARAFINAS;EZKO ETA PARAFINEN ERATORRIEN FABRIKAZIOA 
125540;FABRICACION DE MATERIAL FOTOGRAFICO SENSIBLE;EZKO ETA PARAFINEN ERATORRIEN FABRIKAZIOA 
125550;FABRICACION DE ARTICULOS PIROTECNICOS, CERILLAS Y FOSFOROS;PIROTEKNIAGAIEN, SUPIZTEKO ETA POSPOLUEN FABRIKAZIOA 
125590;FABRICACION OTROS PRODUCTOS QUIMICOS DESTINADOS PRINCI.AL CONSUMO FINAL N.C.O.;BATEZ ERE AZKEN KONTSUMORAKO ERABILTZEKO IZAN BAINA BESTELAKO ATALETAN BILDU. 
131110;FUNDICION DE PIEZAS DE HIERRO Y ACERO;BURDINA ETA ALTZAIRUZKO PIEZEN GALDAKETA 
131120;FUNDICION DE PIEZAS DE METALES NO FERREOS Y SUS ALEACIONES;BURDINAZKOAK EZ DIREN METALEN ETA BERAUEN ALEAZIOEN PIEZEN GALDAKETA 
131200;FORJA, ESTAMPADO, EMBUTICION, TROQUELADO, CORTE Y REPULSADO;FORJAKETA, ESTANPAKETA, TROKELAKETA, EBAKETA ETA ERREPULTSATUA 
131300;TRATAMIENTO Y RECUBRIMIENTO DE LOS METALES;METALEN TRATAMENDU ETA GAINESTALDURA 
131410;CARPINTERIA METALICA;METALEZKO AROZGINTZA 
131420;FABRICACION DE ESTRUCTURAS METALICAS;METALEZKO EGITUREN FABRIKAZIOA 
131500;CONSTRUCCION DE GRANDES DEPOSITOS Y CALDERERIA GRUESA;GORDAILU HANDI ETA GALDARA LODIEN ERAIKUNTZA 
131610;FABRICACION DE HERRAMIENTAS MANUALES;ESKU ERREMINTEN FABRIKAZIOA 
131620;FABRICACION DE ARTICULOS DE FERRETERIA Y CERRAJERIA;BURDINDEGI ZERRAILTEGIETAKO GAIEN FABRIKAZIOA 
131630;TORNILLERIA Y FABRICACION DE ARTICULOS DERIVADOS DEL ALAMBRE;TORLOJUGINTZA ETA HARIAREN GAI ERATORRIEN FABRIKAZIOA 
131640;FABRICACION DE ARTICULOS DE MENAJE;TRESNERIAGAIEN FABRIKAZIOA 
131650;FABRICACION COCINAS, CALENTADORES Y APARATOS DOMESTICOS DE CALEFACCION,NO ELEC;SUTEGI, BEROGAILU ETA BEROGINTZAKO APARATU ETXETIAR EZ ELEKTRIKOEN FABRIKAZIOA 
131660;FABRICACION DE MOBILIARIO METALICO;METALEZKO ALTZARIEN FABRIKAZIOA 
131670;FABRICACION DE RECIPIENTES Y ENVASES METALICOS;METALEZKO ALTZARIEN FABRIKAZIOA 
131680;FABRICACION DE ARMAS LIGERAS Y SUS MUNICIONES;SUARMA ARINEN ETA BERAUEN MUNIZIOEN FABRIKAZIOA 
131690;FABRICACION DE OTROS ARTICULOS ACABADOS EN METALES N.C.O.P.;BESTELAKO ATALETAN BILDU EZ DIREN METALEZ AKABATZEN DIREN GAIEN FABRIKAZIOA 
131910;MECANICA GENERAL;MEKANIKA OROKORRA 
131990;TALLERES MECANICOS N.C.O.P.;BESTELAKO ATALETAN BILDU EZ DIREN MEKANIKA LANTEGUIAK 
132110;CONSTRUCCION DE MAQUINAS AGRICOLAS;NEKAZAL MAKINAGINTZA 
132120;CONSTRUCCION DE TRACTORES AGRICOLAS;NEKAZAL TRAKTOREGINTZA 
132210;CONSTRUCCION DE MAQUINAS PARA TRABAJAR LOS METALES;METALAK LANTZEKO MAKINAGINTZA 
132220;CONSTRUCCION DE MAQUINAS PARA TRABAJAR LA MADERA Y EL CORCHO;ZUR KORTXOAK LANTZEKO MAKINAGINTZA 
132230;FABRICACION DE UTILES, EQUIPOS, PIEZAS Y ACCESORIOS PARA MAQUINAS-HERRAMIENTAS;MAKINA ERREMINTETARAKO LANABES, EKIPO, PIEZA ETA ALDAGAILUEN FABRIKAZIOA 
132310;CONSTRUCCION DE MAQUINAS TEXTILES Y SUS ACCESORIOS;EHUN MAKINAGINTZA ETA BERAIEN ALDAGAILUGINTZA 
132320;CONSTRUCCION DE MAQUINAS PARA LAS INDUSTRIAS DEL CUERO Y CALZADO;LARRUGINTZA ETA ZAPATAGINTZARAKO MAKINAGINTZA 
132330;FABRICACION DE MAQUINAS DE COSER;JOSTEKO MAKINEN FABRIKAZIOA 
132410;CONSTRUCCION DE MAQUINAS PARA LAS INDUSTRIAS ALIMENTICIAS, DE BEBIDAS Y TABACO;ELIKADURAGINTZA, EDARIGINTZA ETA TABAKOGINTZARAKO MAKINAK EGITEA 
132420;CONSTRUCCION DE MAQUINAS PARA LA INDUSTRIA QUIMICA;KIMIKAGINTZARAKO MAKINAK EGITEA 
132430;CONSTRUCCION MAQUINAS PARA LAS INDUST.DE TRANSFORMACION DEL CAUCHO Y MAT.PLAST;KAUTXUAREN ETA PLASTIKOGAIEN TRANSFORMAGINTZARAKO MAKINAK EGITEA 
132510;CONSTRUCCION DE MAQUINAS Y EQUIPO PARA MINERIA, CONSTRUCCION Y OBRAS PUBLICAS;MEATZARITZA, ERAIKINTZA ETA HERRILANETARAKO MAKINA ETA EKIPOGINTZA 
132520;CONSTRUCCION MAQUINAS Y EQUIPO PARA LAS INDUSTRIAS DE PROD.MINERALES NO METAL.;METALEZKOAK EZ DIREN MEA EKOIZKINGINTZARAKO MAKINA EKIPOAK EGITEA 
132530;CONSTRUCCION DE MAQUINAS Y EQUIPO PARA LA SIDERURGIA Y FUNDICION;BURDINAGINTZA ETA GALDAKETARAKO MAKINA EKIPOAK EGITEA 
132540;CONSTRUCCION DE MAQUINARIA DE ELEVACION Y MANIPULACION;JASOKETA ETA ESKUZTAPENERAKO MAKINERIAGINTZA 
132610;FABRICACION DE ENGRANAJES, CADENAS TRANSMISION Y OTROS ORGANOS DE TRANSMISION;ENGRANAJE, TRANSMISIO KATEEN ETA BESTELAKO TRANSMISIOGAILUEN FABRIKAZIOA 
132620;FABRICACION DE RODAMIENTOS;ERRODAMENDUEN FABRIKAZIOA 
132910;CONSTRUCCION DE MAQUINAS PARA LAS INDUSTRIAS DEL PAPEL, CARTON Y ARTES GRAFICA;PAPERGINTZA, KARTOIGINTZA ETA ARTE GRAFIKOETARAKO MAKINAK EGITEA 
132920;CONSTRUCCION DE MAQUINAS DE LAVADO Y LIMPIEZA EN SECO;LEHORREKO IKUZKETA ETA GARBIKETARAKO MAKINAGINTZA 
132930;CONSTRUCCION DE MOTORES Y TURBINAS (EXCEPTO LOS DESTINADOS AL TRANSPORTE);MOTOREGINTZA ETA TURBINAGINTZA (GARRAIORAKOAK DIRENAK EZIK) 
132940;CONSTRUCCION DE MAQUINARIA PARA LA MANIPULACION DE FLUIDOS;JARIAKINEN ESKUZTAPENERAKO MAKINERIAGINTZA 
132990;CONSTRUCCION DE OTRAS MAQUINAS Y EQUIPO MECANICO N.C.O.P.;BESTELAKO ATALETAN BILDU EZ DIREN MAKINAGINTZA ETA EKIPOGINTZA 
133000;CONSTRUCCION DE MAQUINAS DE OFICINA Y ORDENADORES (INCLUIDA SU INSTALACION);BULEGOKO MAKINAGINTZA ETA ORDENAGAILUGINTZA (BERAIEN INSTALAZIOA BARNE) 
134100;FABRICACION DE HILOS Y CABLES ELECTRICOS;HARI ETA KABLE ELEKTRIKOAK EGITEA 
134200;FABRICACION DE MATERIAL ELECTRICO DE UTILIZACION Y EQUIPAMIENTO;ERABILPEN ETA EKIPAMENDURAKO MATERIAL ELEKTRIKOGINTZA 
134300;FABRICACION DE PILAS Y ACUMULADORES;PILA ETA METAGAILUEN FABRIKAZIOA 
134400;FABRICACION CONTADORES Y APARATOS DE MEDIDA, CONTROL Y VERIFICACION ELECTRICOS;NEURKETA, KONTROL ETA BEGIZTAPENERAKO ZENBAKAILU ETA APARATU ELEKTRIKOEN FABRI 
134500;FABRICACION DE APARATOS ELECTRODOMESTICOS;ETXEKO ELEKTRATRESNEN FABRIKAZIOA 
134600;FABRICACION DE LAMPARAS Y MATERIAL DE ALUMBRADO;ARGITERIAKO LANPAREN ETA MATERIALAREN FABRIKAZIOA 
135110;FABRICACION DE APARATOS Y EQUIPO TELEFONICO Y TELEGRAFICO;TELEFONO ETA TELEGRAFIAKO APARATUEN ETA EKIPOAREN FABRIKAZIOA 
135120;FABRICACION APARATOS Y EQUIPO DE RADIOCOMUNICACION, RADIODIFUSION Y TELEVISION;IRRATIKOMUNIKAZIO, IRRATIHEDAPEN ETA TELEBISTAKO EKIPO APARATUEN FABRIKAZIOA 
135200;FABRICACION APARATOS Y EQUIPO ELECTROMEDICO Y DE USO PROFESIONAL Y CIENTIFICO;APARATU ETA EKIPO ELEKTROMEDIKUEN ETA LANBIDEETAN ETA ZIENTZIAN ERABILTZEKO DI 
135300;FABRICACION APARATOS Y EQUIPO ELECTRONICO SEÑALIZACION, CONTROL Y PROGRAMACION;SEINALEZTAPEN, KONTROL ETA PROGRAMAZIORAKO APARATU ETA EKIPO ELEKTRONIKOEN FAB 
135400;FABRICACION DE COMPONENTES ELECTRONICOS Y CIRCUITOS INTEGRADOS;OSAGAI ELEKTRONIKO ETA ZIRKUITU INTEGRATUEN FABRIKAZIOA 
135510;FABRICACION RECEPTORES RADIO Y TELEVISION Y APAR.REGISTRO Y REPRODUCCION SONID;IRRATI TELEBISTEN ETA SOINU IRUDIEN ERREGISTRO ETA BERREGINGAILUEN FABRIKAZIOA 
135520;EDICION DE SOPORTES GRABADOS DE SONIDO, DE VIDEO Y DE INFORMATICA;SOINU GRABATUDUN, EUSKARRIEN, BIDEOKOEN ETA INFORMATIKAKOEN EDIZIOA 
136100;CONSTRUCCION Y MONTAJE DE VEHICULOS AUTOMOVILES Y SUS MOTORES;IBILGAILU AUTOMOBILAK ETA BEREN MOTOREAK EGIN ETA MUNTATZEA 
136200;CONSTRUCCION DE CARROCERIAS, REMOLQUES Y VOLQUETES;KARROZERIA, ATOI ETA BROZELAK EGITEA 
136300;FABRICACION EQUIPO,COMPONENTES,ACCESORIOS Y PIEZAS REPUESTO VEHICULOS AUTOMOV.;IBILGAILU AUTOMOBILETARAKO EKIPO, OSAGAI, ALDAGAILU ETA ORDEZKAGAIAK EGITEA 
137100;CONSTRUCCION NAVAL;UNTZIGINTZA 
137200;REPARACION Y MANTENIMIENTO DE BUQUES;UNTZIEN KONPONKETA ETA MANTENIMENDUA 
138100;CONSTRUCCION,REPARACION Y MANTENIMIENTO DE MATERIAL FERROVIARIO;TRENBIDE MATERIALA EGIN, KONPONDU ETA MANTENTZEA 
138200;CONSTRUCCION, REPARACION Y MANTENIMIENTO DE AERONAVES;AIREUNTZIAK EGIN, KONPONDU ETA MANTENTZEA 
138300;CONSTRUCCION DE BICICLETAS, MOTOCICLETAS Y SUS PIEZAS DE REPUESTO;BIZIKLETA, MOTOZIKLETA ETA BEREN ORDEZKAGAIAK EGITEA 
138900;CONSTRUCCION DE OTRO MATERIAL DE TRANSPORTE N.C.O.P.;BESTELAKO ATALETAN BILDU EZ DEN GARRAIO MATERIALA EGITEA 
139100;FABRICACION DE INSTRUMENTOS DE PRECISION, MEDIDA Y CONTROL;ZEHAZTASUN, NEURKETA ETA KONTROLERAKO TRESNEN FABRIKAZIOA 
139210;FABRICACION DE MATERIAL MEDICO-QUIRURGICO;MATERIAL MEDIKU KIRURGIKOAREN FABRIKAZIOA 
139220;FABRICACION DE APARATOS DE PROTESIS Y ORTOPEDIA;PROTESI ETA ORTOPEDIAKO APARATUEN FABRIKAZIOA 
139310;INSTRUMENTOS OPTICOS Y MATERIAL FOTOGRAFICO Y CINEMATOGRAFICO (EX.MONTURA GAF.;OPTIKA TRESNAK ETA ARGAZKIGINTZA ETA ZINEMATOGRAFIAKO MATERIALA (BETAURREKOETA 
139320;FABRICACION DE MONTURAS PARA GAFAS (EXCEPTO LAS DE PLASTICO);BETAURREKOETARAKO OSKOLEN FABRIKAZIOA (PLASTIKOZKOAK EZIK) 
139900;FABRICACION DE RELOJES Y OTROS INSTRUMENTOS N.C.O.P.;LOJUEN ETA BESTELAKO ATALETAN BILDU EZ DIREN TRESNEN FABRIKAZIOA 
141110;FABRICACION Y ENVASADO DE ACEITE DE OLIVA;OLIBAOLIOAREN FABRIKAZIO ETA ONTZIRAKETA 
141120;FABRICACION DE ACEITE DE OLIVA;OLIBAOLIOAREN FABRIKAZIOA 
141130;ENVASADO DE ACEITE DE OLIVA;OLIBAOLIOAREN ONTZIRAKETA 
141210;EXTRACCION Y ENVASADO ACEITES DE SEMILLAS OLEOGINOSAS Y DE ORUJO DE ACEITUNA;HAZI OLIOTSUZKO ETA OLIBAREN ZAPAKINAREN ERAUZKETA ETA ONTZIRAKETA 
141220;OBTENCION DE ACEITES Y GRASAS DE ANIMALES MARINOS;ITSASOKO ANIMALIEN OLIO ETA KOIPEEN LORPENA 
141230;REFINADO, HIDROGENADO, ENVASADO Y OTROS TRAT.SIMILARES CUERPOS GRASOS VEG.Y AN;LANDARE ETA ABEREEN GORPUTZ KOIPETSUEN BIRFINKETA, HIDROGENAZIO, ONTZIRAKETA. 
141240;OBTENCION Y ENVASADO DE MARGARINA Y GRASAS ALIMENTICIAS SIMILARES;MARGARINA ETA ELIKADURARAKO ANTZEKO KOIPEEN LORPEN ETA ONTZIRAKETA 
141310;SACRIFICIO Y DESPIECE DE GANADO EN GENERAL;GANADU HILKETA ETA ZATIKETA, OROHAR 
141320;FABRICACION DE PRODUCTOS CARNICOS DE TODAS CLASES;MOTA GUZTIETAKO HARAGI EKOIZKINEN FABRIKAZIOA 
141330;SALAS DESPIECE AUTONOMAS, INDUSTRIAS DE APROVE.Y TRANSFOR.SUBPRODUCTOS CARNICO;ZATIKETA GELA AUTONOMOAK, INDUSTRI ERABILERETARAKO ETA ABEREEN ELIKADURARAKO . 
141340;INCUBACION Y VENTA DE POLLUELOS RECIEN NACIDOS, MEDIANTE COMPRA HUEVOS FERTILE;TXITA JAIOBERRIEN TXITALDI ETA SALMENTA, ARRAULTZE EMANKORREN EROSKETAREN BITA 
141410;PREPARACION DE LECHE;ESNEAREN PRESTAKETA 
141420;PREPARACION DE LECHE EN CONSERVA;KONTSERBAKO ESNEAREN PRESTAKETA 
1414301;FABRICACION DE QUESO Y MANTEQUILLA;GAZTA ETA GURINAREN FABRIKAZIOA 
1414302;FABRICACION DE QUESO Y MANTEQUILLA (SOLO AGRICOLAS);GAZTAGINTZA ETA GURINGINTZA (NEKAZARITZA ARLOKOAK SOILIK) 
141440;ELABORACION DE HELADOS Y SIMILARES;IZOZKI ETA ANTZEKOEN GERTUKETA 
141500;FABRICACION DE JUGOS Y CONSERVAS VEGETALES;LANDAREEN ZUKU ETA KONTSERBEN FABRIKAZIOA 
141600;FABRICACION DE CONSERVAS DE PESCADO Y OTROS PRODUCTOS MARINOS;ARRAIN ETA ITSASOKO BESTE EKOIZKIN BATZUREN KONTSERBEN FABRIKAZIOA 
141710;FABRICACION DE HARINAS Y SEMOLAS;IRIN ETA SEMOLEN FABRIKAZIOA 
141720;FABRICACION DE OTROS PRODUCTOS DE MOLINERIA;ERROTAGINTZAKO BESTE EKOIZKIN BATZUREN FABRIKAZIOA 
141810;FABRICACION DE PASTAS ALIMENTICIAS;ELIKADUR OREKIEN FABRIKAZIOA 
141820;FABRICACION DE PRODUCTOS AMILACEOS;ALMIDOIZKO EKOIZKINEN FABRIKAZIOA 
141910;INDUSTRIA DEL PAN Y DE LA BOLLERIA;OGI OPILGINTZA 
141920;INDUSTRIAS DE LA BOLLERIA, PASTELERIA Y GALLETAS;OPIL, GOZOKI ETA GAILETAGINTZAK 
141930;INDUSTRIAS DE ELABORACION DE MASAS FRITAS;OREKI FRIJITUEN GERTUGINTZAK 
142000;INDUSTRIA DEL AZUCAR;AZUKREGINTZA 
142110;INDUSTRIA DEL CACAO Y CHOCOLATE;KAKAO ETA TXOKOLATEGINTZA 
142120;ELABORACION DE PRODUCTOS DE CONFITERIA;KONFITE EKOIZKINEN GERTUKETA 
142210;FORRAJES, DESHIDRATADOS, MELAZADOS, ETC., PARA LA ALIMENTACION ANIMAL;ZUHAINAK, DESHIDRADATUAK, EZTITUAK, ETAB., ABEL ELIKADURARAKO 
142220;HARINAS DE PESCADO Y DE SUBPRODUCTOS ANIMALES Y OTROS PREP.PARA ELABOR.PIENSOS;ARRAINAREN ETA ANIMALIEN AZPIEKOIZKINEN IRINAK ETA BESTE PRESTAKIN BATZU, PEN. 
142230;ELABORACION DE PIENSOS COMPUESTOS DE CUALQUIER CLASE, EXCEPTO LOS DEL EP.4224;ABELTZANTZA SARRIRAKO PENTSU KONPOSATUEN GERTUKETA 
142240;ELABORACION DE OTROS PIENSOS COMPUESTOS PARA PERROS, GATOS Y OTROS ANIM.FAMIL.;ETXEKO ANIMALIENTZAKO BESTELAKO PENTSU KONPOSATU ETA JANGAIEN GERTUKETA 
142310;ELABORACION DE CAFE Y TE Y SUCEDANEOS DE CAFE;KAFE, TE ETA KAFE ORDEZKOEN GERTUKETA 
142320;ELABORACION DE SOPAS PREPARADAS, EXTRACTOS Y CONDIMENTOS;ZOPA PRESTATU, ATERAKIN ETA GOZAGARRIEN GERTUKETA 
142330;ELABORACION DE PRODUCTOS DIETETICOS Y DE REGIMEN;DIETETIKA ETA JANEURRIKO EKOIZKINEN GERTUKETA 
1423901;ELABORACION DE OTROS PRODUCTOS ALIMENTICIOS N.C.O.P.;BESTELAKO ATALETAN BILDU EZ DIREN ELIKADURA EKOIZKINEN ELABORAZIOA
1423902;ELABORACION DE OTROS PRODUCTOS ALIMENTICIOS N.C.O.P. (ACTIVIDADES AGRICOLAS);BESTELAKO ATALETAN BILDU EZ DIREN ELIKADURA EKOIZKINEN ELABORAZIOA (NEKAZARITZA JARDUERAK)
142410;DESTILACION Y RECTIFICACION DE ALCOHOLES;ALKOHOLEN DESTILAZIO ETA ZUZENKETA 
142420;OBTENCION DE AGUARDIENTES NATURALES;PATTAR NATURALEN FABRIKAZIOA 
142430;OBTENCION AGUARDIENTES COMPUESTOS, LICORES Y APERITIVOS NO PROCEDENTES DE VINO;ARDOTIK EZ DATOZEN PATTAR KONPOSATU, LIKORE ETA JANAURREKOEN LORPENA 
1425100;ELABORACION Y CRIANZA DE VINOS;ARDOEN GERTUKETA ETA HAZKUNTZA 
1425101;ELABORACION Y CRIANZA DE VINOS (SOLO AGRICOLAS);ARDOEN GERTUKETA ETA HAZKUNTZA (NEKAZARITZAKOAK) 
142520;ELABORACION DE VINOS ESPUMOSOS;APARDUN ARDOEN GERTUKETA 
1425300;ELABORACION DE OTROS VINOS ESPECIALES;BESTE ARDO BEREZI BATZUREN GERTUKETA 
1425301;ELABORACION DE OTROS VINOS ESPECIALES (SOLO AGRICOLAS);BESTE ARDO BEREZI BATZUREN GERTUKETA (NEKAZARITZAKOAK) 
142590;OTRAS INDUSTRIAS VINICOLAS N.C.O.P.;BESTELAKO ATALETAN BILDU EZ DIREN ARDOGINTZAK 
1426001;SIDRERIAS;SAGARDOGINTZA 
1426002;SIDRERIAS (SOLO AGRICOLAS);SAGARDOGINTZA (NEKAZARITZA ARLOKOAK BAKARRIK) 
142700;FABRICACION DE CERVEZA Y MALTA CERVECERA;GARAGARDO ETA GARAGARDO-MALTAREN FABRIKAZIOA 
142810;PREPARACION Y ENVASADO DE AGUAS MINERALES NATURALES;METALUR NARURALEN PRESTAKETA ETA ONTZIRAKETA 
142820;FABRICACION DE AGUAS GASEOSAS Y OTRAS BEBIDAS ANALCOHOLICAS;GASDUN UR ETA BESTE EDARI ANALKOHOLIKO BATZUREN FABRIKAZIOA 
142910;ELABORACION DE CIGARROS Y CIGARRILLOS Y OTROS PRODUCTOS DE TABACO;ZIGARRO, ZIGARROTXO ETA BESTELAKO TABAKOKINEN GERTUKETA 
142920;PRIMERA TRANSFORMACION TABACO SIN ELABORACION DE CIGARROS,CIGARRILLOS,PICADURA;TABAKOAREN LEHEN TRANSFORMAZIOA, ZIGARRO, ZIGARROTXO, PIKADURA, ETAB. GERTUTU 
143110;PREPARACION DE LAS FIBRAS DE ALGODON (DESMOTADO, CARDADO, PEINADO);KOTOI-ZUNTZEN PRESTAKETA(HAZKAMAKETA, TXARRAKETA,ORRAZKETA) 
143120;HILADO Y RETORCIDO DEL ALGODON Y SUS MEZCLAS;KOTOI ETA BERE NAHASTUREN IRUINKETA ETA BIHURKETA 
143130;TEJIDO DE ALGODON Y SUS MEZCLAS;KOTOI ETA BERE NAHASTUREN EHOKETA 
143210;PREPARACION DE LAS FIBRAS DE LANA (CLASIFICACION, LAVADO, PEINADO);ARTILE-ZUNTZEN PRESTAKETA(SAILKAPEN, GARBIKETA, TXARRAKETA ETA ORRAZKETA) 
143220;HILADO Y RETORCIDO DE LA LANA Y SUS MEZCLAS;ARTILE ETA BERE NAHASTUREN IRUINKETA ETA BIHURKETA 
143230;TEJIDO DE LA LANA Y DE SUS MEZCLAS;ARTILE ETA BERE NAHASTUREN EHOKETA 
143300;INDUSTRIA DE SEDA NATURAL Y SUS MEZCLAS DE LAS FIBRAS ARTIFICIALES Y SINTETICA;ZETA NATURAL ETA BERE NAHASTUREN ETA ZUNTZ ARTIFIZIAL ETA SINTETIKOEN INDUSTR 
143400;INDUSTRIA DE LAS FIBRAS DURAS Y SUS MEZCLAS;ZUNTZ GOGORREN ETA BEREN NAHASTUREN INDUSTRIA 
143510;FABRICACION DE GENEROS DE PUNTO EN PIEZA;PUNTU-GENEROAK PIEZATAN FABRIKATZEA 
143520;FABRICACION DE CALCETERIA;GALTZAGINTZA 
143530;FABRICACION DE PRENDAS INTERIORES Y ROPA DE DORMIR DE PUNTO;PUNTUZKO BARRUKO JANZKI ETA LO EGITEKO ARROPEN FABRIKAZIOA 
143540;FABRICACION DE PRENDAS EXTERIORES DE PUNTO;PUNTUZKO KANPOKO JANZKIEN FABRIKAZIOA 
143600;ACABADO DE TEXTILES;EHUNEN AKABERA 
143710;FABRICACION DE ALFOMBRAS Y TAPICES;ALFONBRA ETA TAPIZEN FABRIKAZIOA 
143720;FABRICACION DE TEJIDOS IMPREGNADOS;EHUN LETATUEN FABRIKAZIOA 
143910;CORDELERIA;KORDELGINTZA 
143920;FABRICACION DE FIELTROS, TULES, ENCAJES, PASAMANERIA, ETC.;FELDRO, TUL, FARFAIL ETA IPUREN FABRIKAZIOA 
143930;FABRICACION DE TEXTILES CON FIBRAS DE RECUPERACION;EHUNAK BERRESKURATZEKO ZUNTZEZ FABRIKATZEA 
143990;OTRAS INDUSTRIAS TEXTILES N.C.O.P.;BESTELAKO ATALETAN BILDU EZ DIREN INDUSTRIAK 
144100;CURTICION Y ACABADO DE CUEROS Y PIELES;LARRU ETA LARRUAZALEN ZURRAKETA ETA AKABERAK 
144210;FABRICACION DE ARTICULOS DE MARROQUERIA Y VIAJE;LARRUKI ETA BIDAIAGAIEN FABRIKAZIOA 
144220;FABRICACION DE GUANTES DE PIEL;LARRUAZALEZKO ESKULARRUEN FABRIKAZIOA 
144290;FABRICACION DE OTROS ARTICULOS DE CUERO N.C.O.P.;BESTELAKO ATALETAN BILDU EZ DIREN GAIEN FABRIKAZIOA 
145100;FABRICACION EN SERIE DE CALZADO (EXCEPTO EL DE CAUCHO Y MADERA);LARRUZKO ZAPATAK SALDOKA FABRIKATZEA (KAUTXUZKOA ETA ZUREZKOA EZIK) 
145200;FABRICACION DE CALZADO  ARTESANIA Y A MEDIDA (INCLUIDO EL CALZADO ORTOPEDICO);ARTISAUTZAKO ETA NEURRIKO ZAPATEN FABRIKAZIOA (BAI ETA ZAPATA ORTOPEDIKOAK ER 
145300;CONFECCION EN SERIE DE TODA CLASE DE PRENDAS DE VESTIR Y SUS COMPLEMENTOS;JANZKI MOTA GUZTI ETA JANTZIEN OSAGARRIEN SALDOKAKO GERTUKETA 
145400;CONFECCION A MEDIDA DE PRENDAS DE VESTIR Y SUS COMPLEMENTOS;JANZKIEN ETA BERAUEN OSAGARRIAK NEURRIRA GERTUTZEA 
145510;CONFECCION DE ARTICULOS TEXTILES, PARA EL HOGAR Y TAPICERIA;ETXERAKO EHUNGAI ETA TAPIZEN GERTUKETA 
145590;CONFECCION DE OTROS ARTICULOS CON MATERIAS TEXTILES N.C.O.P.;BESTELAKO ATALETAN BILDU EZ DIREN EHUNGAIZKO GAUZEN GERTUKETA 
145610;PELETERIA NATURAL;LARRUKIGINTZA NATURALA 
145620;PELETERIA ARTIFICIAL;LARRUKIGINTZA ARTIFIZIALA 
146100;ASERRADO Y PREPARACION INDUSTRIAL MADERA (ASERRADO,CEPILLADO,PULIDO,LAVADO,ET);ZURAREN ZERRAKETA ETA INDUSTRI PRESTAKETA (ZERRAKETA, MARRUSKETA, LEUNKETA, GA 
146210;CHAPAS DE MADERA;ZUREZKO TXAPAK 
146220;MADERAS CHAPADAS, CONTRACHAPADAS Y TABLEROS CELULARES;ZUR TXAPATU, KONTRATXAPATUAK ETA OHOLTZA ZELULARRAK 
146230;TABLEROS Y PANELES DE FIBRAS Y DE PARTICULAS;ZUNTZ ETA PARTIKULAZKO OHOLTZA ETA PANELAK 
146240;MADERAS MEJORADAS;ZUR HOBETUAK 
146300;FABRICACION EN SERIE PIEZAS CARPINTERIA, PARQUET Y ESTRUCT.MADERA PARA CONSTR.;AROZGINTZAKO PIEZA, PARKET ETA ERAIKINTZARAKO ZUREZKO EGITUREN SALDOKAKO FABRI 
146400;FABRICACION DE ENVASES Y EMBALAJES DE MADERA;ZUREZKO ONTZI ETA ENBALAKETEN FABRIKAZIOA 
146500;FABRICACION DE OBJETOS DIVERSOS DE MADERA (EXCEPTO MUEBLES);ZUREZKO ZENBAIT OBJEKTUREN FABRIKAZIOA (ALTZARIAK EZIK) 
146600;FABRICACION DE PRODUCTOS DE CORCHO;KORTXOZKO EKOIZKINEN FABRIKAZIOA 
146700;FABRICACION ARTIC.JUNCO Y CAÑA, CESTERIA, BROCHAS, CEPILLOS,ETC.(EXCEP.MUEBLE);IHI, KANABERA, SASKI, BROTXA, ESKUBILA ETA ANTZEKOEN FABRIKAZIOA 
146810;FABRICACION DE MOBILIARIO DE MADERA PARA EL HOGAR;ETXERAKO ZUREZKO ALTZARIGINTZA 
146820;FABRICACION DE MOLIBIARIO DE MADERA ESCOLAR Y DE OFICINA;ESKOLA ETA BULEGOKO ALTZARIEN FABRIKAZIOA 
146830;FABRICACION DE MUEBLES DIVERSOS DE MADERA, JUNCO, MIMBRE Y CAÑA;ZUR, IHI, ZUME ETA KANABERAZKO ZENBAIT ALTZARIREN FABRIKAZIOA 
146840;FABRICACION DE ATAUDES;HILKUTXEN FABRIKAZIOA 
146850;ACTIVIDADES ANEXAS A LA INDUSTRIA DEL MUEBLE (ACABADO,BARNIZADO,TAPIZADO,ETC.);ALTZARIGINTZAREN ONDOKO IHARDUERAK (AKABERA, BERNIZKETA, TAPIZKETA, URREZTAKET 
147100;FABRICACION DE PASTA PAPELERA;PAPER-OREAREN FABRIKAZIOA 
147200;FABRICACION DE PAPEL Y CARTON;PAPER ETA KARTOIEN FABRIKAZIOA 
147310;FABRICACION DE CARTON ONDULADO Y ARTICULOS DE CARTON ONDULADO;KARTOI UHINDU ETA KARTOI UHINDUZKO GAIEN FABRIKAZIOA 
147320;FABRICACION DE OTROS ARTICULOS DE ENVASE Y EMBALAJE EN PAPEL Y CARTON;ONTZIRAKETA ETA ENBALAKETARAKO BESTE KARTOI ETA PAPERGAI BATZUREN FABRIKAZIOA 
147330;FABRICACION DE ARTICULOS DE OFICINA, ESCRITORIO, ETC., DE PAPEL Y CARTON;BULEGO, IDAZGU, ETAB.ETAKO KARTOI ETA PAPERGAIEN FABRIKAZIOA 
147340;FABRICACION DE ARTICULOS DE DECORACION Y DE USO DOMESTICO DE PAPEL Y CARTON;DEKORAZIO ETA ETXEKO ERABILERAKO KARTOI ETA PAPERGAIEN FABRIKAZIOA 
147390;FABRICACION DE OTROS MANIPULADOS DE PAPEL Y CARTON N.C.O.P.;BESTELAKO ATALETAN BILDU EZ DIREN EZKUZTAPENEN FABRIKAZIOA 
147400;ARTES GRAFICAS (IMPRESION GRAFICA);ARTE GRAFIKOAK (MOLDIZKETA GRAFIKOA) 
147410;IMPRESION DE TEXTOS O IMAGENES POR CUALQUIER PROCEDIMIENTO O SISTEMA;TESTUAK NAHIZ IRUDIAK EDOZEIN PROZEDURA EDO SISTEMAZ MOLDIZTEA 
147500;ACTIVIDADES ANEXAS A LAS ARTES GRAFICAS;ARTE GRAFIKOEN ONDOKO IHARDUERAK 
147610;EDICION DE LIBROS;LIBURUEN EDIZIOA 
147620;EDICION DE PERIODICOS Y REVISTAS;EGUNKARI ETA ALDIZKARIEN EDIZIOA 
147690;OTRAS EDICIONES N.C.O.P.;BESTELAKO ATALETAN BILDU EZ DIREN EDIZIOAK 
148110;FABRICACION DE CUBIERTAS Y CAMARAS;KAUTXUAREN TRANSFORMAZIOA 
148120;RECAUCHUTADO Y RECONSTRUCCION DE CUBIERTAS;BIRKAUTXUZTAKETA ETA ESTALKIEN BERREGINTZA 
148190;FABRICACION DE OTROS ARTICULOS DE CAUCHO N.C.O.P.;BESTELAKO ATALETAN BILDU EZ DIREN KAUTXUGAIEN FABRIKAZIOA 
148210;FABRICACION DE PRODUCTOS SEMIELABORADOS DE MATERIAS PLASTICAS;ERDIZKA PLASTIKOGAIEZ GERTUTZEN DIREN EKOIZKINEN FABRIKAZIOA 
148220;FABRICACION DE ARTICULOS ACABADOS DE MATERIAS PLASTICAS;PLASTIKOGAIEN GAI AKABATUEN FABRIKAZIOA 
149110;FABRICACION DE JOYERIA;BITXIGINTZA 
149120;FABRICACION DE BISUTERIA;BISUTEGINTZA 
149200;FABRICACION DE INSTRUMENTOS DE MUSICA;MUSIKATRESNEN FABRIKAZIOA 
149300;LABORATORIOS FOTOGRAFICOS Y CINEMATOGRAFICOS;MUSIKATRESNEN ZATI, PIEZA SOLTE ETA ALDAGAILUAK 
149410;FABRICACION DE JUEGOS, JUGUETES Y ARTICULOS DE PUERICULTURA;JOLAS, JOSTAILU ETA HAURTZANTZAKO GAIEN FABRIKAZIOA 
149420;FABRICACION DE ARTICULOS DE DEPORTE;KIROLGAIEN FABRIKAZIOA 
149510;FABRICACION DE ARTICULOS DE ESCRITORIO;IDAZGUKO GAIEN FABRIKAZIOA 
149590;FABRICACION DE OTROS ARTICULOS N.C.O.P.;BESTELAKO ATALETAN BILDU EZ DIREN GAIEN FABRIKAZIOA 
150110;CONSTRUCCION COMPLETA, REPARACION Y CONSERVACION DE INMUEBLES;ERAIKINTZA OSOA, HIGIEZINEN KONPONKETA ETA ARTAPENA 
150120;CONSTRUCCION COMPLETA, REPARACION Y CONSERVACION DE OBRAS CIVILES;ERAIKINTZA OSOA, OBRA ZIBILEN KONPONKETA ETA ARTAPENA 
150130;ALBAÑILERIA Y PEQUEÑOS TRABAJOS DE CONSTRUCCION EN GENERAL;IGELTSARIGINTZA ETA ERAIKINTZAKO OROTARIKO LAN TXIKIAK 
150210;DEMOLICIONES Y DERRIBOS EN GENERAL;ERRAUSKETA ETA ERAISKETAK, OROHAR 
150220;CONSOLIDACION Y PREP.TERRENO PARA CONST.EDIFIC.INCLUIDO SIST.AGOTAMIENTO,DRAGA;LURREN SENDOKETA ETA PRESTAKETA, ERAIKUNTZAK EGITEKO, LEHORKETA ETA KARRAMARRO 
150230;CONSOLIDACION Y PREP.TERRENO REALIZACION OBRA CIVIL,INCL.SIST.AGOTAMIEN.DRAGA.;LURREN SENDOKETA ETA PRESTAKETA, OBRA ZIBILAK EGITEKO, LEHORKETA ETA KARRAMARR 
150240;CIMENTACIONES Y PAVIMENTACIONES PARA LA CONSTRUCCION DE EDIFICACIONES;ZIMENDAKETA ETA ZOLADURAK, ERAIKUNTZAK EGITEKO 
150250;CIMENTACIONES Y PAVIMENTACIONES EN OBRAS CIVILES;OBRA ZIBILETAKO ZIMENDAKETA ETA ZOLADURAK 
150260;PERFORACIONES PARA ALUMBRAMIENTOS DE AGUA;URAK AURKITZEKO ZULAKETAK 
150310;PREPARACION Y MONTAJE DE ESTRUCTURAS Y CUBIERTAS Y CUBRICIONES EN EDIFICACION.;ERAIKUNTZETAKO EGITURA ETA ESTALPENEN PRESTAKETA ETA MUNTAIA, BAI ETA ESTALKE 
150320;PREPARACION Y MONTAJE DE ESTRUCTURAS Y CUBIERTAS Y CUBRICIONES EN OBRAS CIVIL.;OBRA ZIBILETAKO EGITURA ETA ESTALPENEN PRESTAKETA ETA MUNTAIA, BAI ETA ESTALKE 
150330;MONTAJE, INSTAL.ESTRUCT. METALICA PARA TRANSPORTE,PUERTO,OBRA HIDRAULICA,PUENT;GARRAIO, PORTU, OBRA HIDRAULIKO, ZUBI, ZUTOIN ETA DORRE METALIKO, ERREI, ETABA 
150340;ELABO.OBRA PIEDRA NATURAL O ARTIF.MAT.CONST.SIN EMPLEO MAQ.MOV.MEC.NI + 4 OBRE;OBRA HARRI NATURAL ZEIN ARTIFIALAZ, EDO ERAIKINTZARAKO MATERIALEZ, GERTUTZEA, 
150411;INSTALACIONES ELECTRICAS EN GENERAL, REDES TELEGRAFICAS, TELEFONIA, TV, ETC.;INSTALAZIO ELEKTRIKOAK, OROHAR. TELEGRAFO, TELEFONO, HARIRIK GABEKO TELEFONO E 
150412;INSTALACIONES ELECTRICAS EN TODA CLASE DE EDIFICIOS;ERAIKIN MOTA GUZTIETAKO INSTALAZIO ELEKTRIKOAK 
150420;INSTALACIONES DE FONTANERIA;ITURGINTZAKO INSTALAZIOAK 
150430;INSTALACIONES DE FRIO, CALOR Y ACONDICIONAMIENTO DE AIRE;HOTZ, BERO ETA AIRE-GIROTZEKO INSTALAZIOAK 
150440;INSTALACION DE PARARRAYOS Y SIMILARES;TXIMISTORRATZAK ETA ANTZEKOAK EZARTZEA 
150450;MONTAJE E INSTAL.COCINAS TODO TIPO Y CLASE,SUS ACCESORIOS,TODO USO,MENOS IND.;TIPO ETA MOTA GUZTIETAKO SUKALDEEN MUNTAIA ETA EZARKETA, ALDAGAILU GUZTIAK BAR 
150460;MONTAJE E INSTALACION DE APARATOS ELEVADORES DE CUALQUIER CLASE Y TIPO;EDOZEIN MOTA ETA TIPOTAKO IGONGAILUEN MUNTAIA ETA EZARKETA 
150470;INSTALACION TELEFONICA,TELEGRAFICA,TEL.SIN HILO Y TV,EN EDIF.Y CONST.CQ.CLASE;ERAIKIN ETA ERAIKUNTZA GUZTIETAN TELEFONO, TELEGRAFO, HARIRIK GABEKO TELEGRAF 
150480;MONTAJE METALICO E INSTALACION INDUS.COMPLETA,SIN VENDER NI APORTAR MAQUINARIA;METALEZKO MUNTAIA ETA INDUSTRI INSTALAZIO OSOAK, MAKINERIA ETA INSTALAZIO EDO 
150510;REVESTIMIENTOS EXTERIORES E INTERIORES DE TODAS CLASES Y EN TODO TIPO DE OBRAS;KANPO ETA BARRUKO MOTA GUZTIETAKO ETA OBRA MOTA GUZTIETAKO GAINJAZKIAK 
150520;SOLADOS Y PAVIMENTOS DE TODAS CLASES Y EN CUALQUIER TIPO DE OBRAS;MOTA GUZTIETAKO ETA OBRA MOTA GUZTIETAKO ZORUKETA ETA ZOLADURAK 
150530;PREPARACION Y COLOCACION DE SOLADOS Y PAVIMENTOS DE MADERA DE CUALQUIER CLASE;ZUR MOTA GUZTIETAKO ZORU ETA ZOLADUREN EZARKETA 
150540;"COLOCACION AISLAMIENTO FONICO,TERMICO,ACUSTICO CQ.CLASE Y TIPO OBRA;IMPERMEABI";"OBRA MOTA GUZTIETARAKO ISOLAMENDU FONIKO, TERMIKO ETA AKUSTIKOEN KOKAERA; ERAI "
150550;CARPINTERIA Y CERRAJERIA.;ERAIKIN ETA LOKALETAKO AROZGINTZA, ZERRAILGINTZA, DEKORAZIO ETA AKABERA 
150560;PINTURA, REVESTIMINETOS CON PAPEL, TEJIDOS O PLASTICOS Y DECORACION DE EDIFIC.;ERAIKI ETA LOKALETAKO MOTA ETA ERA GUZTIETAKO PINTURAGINTZA ETA PAPER, EHUN. 
150570;TRABAJOS EN YESO Y ESCAYOLA Y DECORACION DE EDIFICIOS Y LOCALES.;ERAIKIN ETA LOKALETAKO IGELTSUGINTZA ETA KAREGINTZA ETA DEKORAZIOA 
150600;SERVICIOS AUXILIARES DE LA CONSTRUCCION Y DRAGADOS;ERAIKINTZAREN ZERBITZU LAGUNGARRIAK ETA KARRAMARROZTAKETAK 
150700;CONSTRUCCION, REPARACION Y CONSERVACION DE TODA CLASE DE OBRAS;MOTA GUZTIETAKO OBRENERAIKINTZA, KONPONKETA ETA ARTAPENA 
150800;AGRUPACIONES Y UNIONES TEMPORALES DE EMPRESAS;ENPRESEN ALDIBATERAKO ELKARTZE ETA BATASUNAK 
161100;COMERCIO POR MAYOR TODA CLASE MERCANCIAS ESPECIFIC.EN GRUPOS 612 AL 617 Y 619;612. TALDEAN ETA 617.ETIK 619.ERA BITARTEKOETAN XEHEKATZEN DIREN MERKATALGAI M 
161210;COMERCIO MAYOR TODA CLASE P.ALIMENTICIO,BEBIDA Y TABACO ESPEC.EP.612.2 A.7Y.9;612.2. EPIGRAFETIK 612.7.ERA BITARTEKOETAN ETA 612.9.EAN ZEHAZTURIKO NEKAZAL E 
161220;MAY.CEREAL,SIMIENTE,PLANTA,ABONO,SUST.FERTILI.PLAGUICIDA,ANIMAL VIVO,TAB.RAMA,;LABORE, HAZI, LANDARE, ONGARRI, EMANGARRI, ZOMORRO HILKARI, ABERE BIZI, ADARRE 
161230;COMERCIO POR MAYOR FRUTAS Y FRUTOS,VERDURA,PATATAS,LEGUMBRE FRESCA Y HORTALIZA;FRUTA ETA FRUITU, ORTUARI, PATATA, LEKARI FRESKO ETA BARAZKIEN HANDIZKAKO MERK 
161240;COMERCIO MAYOR CARNES,PROD.Y DERIV.CARNICOS ELABORADOS,HUEVOS,AVES Y CAZA;HARAGI, HARAGIAREN EKOIZKIN ETA ERATORRIEN, ARRAULTZE, HEGAZTI ETA EHIZIEN HA 
161250;COMERCIO AL POR MAYOR DE LECHE, PRODUCTOS LACTEOS, MIEL Y GRASAS COMESTIBLES;ESNE, ESNEKI, EZTI, OLIO ETA KOIPE JANGARRIEN HANDIZKAKO MERKATARITZA. 
161260;COMERCIO AL POR MAYOR DE BEBIDAS Y TABACO;EDARIEN ETA TABAKOAREN HANDIZKAKO MERKATARITZA 
161270;COMERCIO AL POR MAYOR DE VINOS Y VINAGRES DEL PAIS;HERRIKO ARDO ETA OZPINEN HANDIZKAKO MERKATARITZA 
161280;COMERCIO AL POR MAYOR DE PESCADOS Y OTROS PRODUCTOS DE LA PESCA Y ACUICULTURA;ARRAIN ETA ARRANTZA ETA NEKAZARITZAKO BESTELAKO EKOIZKINEN HANDIZKAKO MERKATAR 
161290;COMERCIO AL POR MAYOR DE OTROS PTOS.ALIMENTICIOS, HELADOS, ETC.;BESTELAKO ATALETAN BILDU EZ DIREN EKOIZKINEN HANDIZKAKO MERKATARITZA 
161310;COMERCIO MAYOR TODA CLASE P.TEXTIL,CONFEC.CALZADO Y ART.CUERO EP.613.2 A .5-.9;613.2. EPIGRAFETIK 613.5.ERA BITARTEKOETAN ETA 613.9.EAN ZEHAZTURIKO EHUNEZKO 
161320;COMERCIO AL POR MAYOR DE TEJIDOS POR METROS, TEXTILES PARA EL HOGAR Y ALFOMBRA;METROKAKO EHUNEN ETA ETXERAKO EHUNGAI ETA ALFONBREN HANDIZKAKO MERKATARITZA 
161330;COMERCIO AL POR MAYOR DE PRENDAS EXTERIORES DE VESTIR;KANPO JANZKIEN HANDIZKAKO MERKATARITZA 
161340;COMERCIO AL POR MAYOR DE CALZADO,PELETERIA, ARTICULOS DE CUERO Y MARROQUINERIA;ZAPATA, LARRUKI, LARRUGAI ETA LARRUAZALEN HANDIZKAKO MERKATARITZA 
161350;COMERCIO AL POR MAYOR DE CAMISERIA, LENCERIA, MERCERIA Y GENEROS DE PUNTO;ALKONDARA, MIHISE, PURTZIL ETA ARTILEGAIEN HANDIZKAKO MERKATARITZA 
161390;COMERCIO AL POR MAYOR DE ACCESORIOS DEL VESTIDO Y OTROS PROD.TEXTILES N.C.O.P.;JANTZIEN ALDAGAILUEN ETA BESTELAKO ATALETAN BILDU EZ DIREN EHUNEZKO EKOIZKINEN 
161410;COMERCIO AL POR MAYOR DE PRODUCTOS FARMACEUTICOS Y MEDICAMENTOS;FARMAZI EKOIZKINEN ETA BOTIKEN HANDIZKAKO MERKATARITZA 
161420;COMERCIO AL POR MAYOR DE PRODUCTOS DE PERFUMERIA, DROGUERIA, HIGIENE Y BELLEZA;LURRINGINTZA, DROGAGINTZA, HIGIENE ETA EDERGINTZAKO EKOIZKINEN HANDIZKAKO MER 
161430;COMERCIO POR MAYOR DE PRODUCTOS PARA EL MANTENIMIENTO Y FUNCIONAMIENTO HOGAR;ETXEKO MATENIMENDU ETA FUNTZIONAMENDURAKO EKOIZKINEN HANDIZKAKO MERKATARITZA 
161440;COMERCIO AL POR MAYOR DE PRODUCTOS ZOOSANITARIOS;ABERE-SANITATEZKO EKOIZKINEN HANDIZKAKO MERKATARITZA 
161510;COMERCIO AL POR MAYOR DE VEHICULOS, MOTOCICLETAS, BICICLETAS Y SUS ACCESORIOS;IBILGAILU, MOTOZIKLETA, BIZIKLETA ETA EUREN ALDAGAILUEN HANDIZKAKO MERKATARITZ 
161520;COMERCIO AL POR MAYOR DE MUEBLES;ALTZARIEN HANDIZKAKO MERKATARITZA 
161530;COMERCIO AL POR MAYOR DE APARATOS ELECTRODOMESTICOS Y FERRETERIA;ELEKTRATRESNEN ETA BURDINAGINTZAKO APARATUEN HANDIZKAKO MERKATARITZA 
161540;COMERCIO AL POR MAYOR DE APARATOS Y MATERIAL RADIOELECTRICOS Y ELECTRONICOS;MATERIAL APARATU IRRATIELEKTRIKO ETA ELEKTRONIKOEN HANDIZKAKO MERKATARITZA 
161550;COMERCIO AL POR MAYOR DE OBRAS DE ARTE Y ANTIGUEDADES;ARTELAN ETA AINTZINATEKOEN HANDIZKAKO MERKATARITZA 
161560;GALERIAS DE ARTE;ARTE ARETOAK 
161590;COMERCIO MAYOR OTROS ARTICULOS DE CONSUMO DURADERO NO ESPECIFIC.EP.ANTERIORES;KONTSUMO IRAUNKORREKOAK IZAN BAINA AURREKO EPIGRAFEETAN ZEHAZTU EZ DIREN BEST 
161610;COMERCIO AL POR MAYOR DE CARBON;IKATZAREN HANDIZKAKO MERKATARITZA 
161620;COMERCIO AL POR MAYOR DE HIERRO Y ACERO;BURDINA ETA ALTZAIRUAREN HANDIZKAKO MERKATARITZA 
161630;COMERCIO AL POR MAYOR DE MINERALES;MEEN HANDIZKAKO MERKATARITZA 
161640;COMERCIO AL POR MAYOR DE METALES NO FERREOS EN BRUTO Y PRODUCTOS SEMIELABORADO;GORDINETAKO METAL EZ BURDINAZKOEN ETA EKOIZKIN ERDIGERTUTUEN HANDIZKAKO MERKAT 
161650;COMERCIO AL POR MAYOR DE PETROLEO Y LUBRICANTES;PETROLIO ETA LABAINGAIEN HANDIZKAKO MERKATARITZA 
161660;COMERCIO AL POR MAYOR DE PRODUCTOS QUIMICOS INDUSTRIALES;INDUSTRIAKO EKOIZKIN KIMIKOEN HANDIZKAKO MERKATARITZA 
161690;OTRO CONSUMO POR MAYOR INTERINDUSTRIAL DE LA MINERIA Y QUIMICA NO ESP.EP.ANTER;MEATZARITZA ETA KIMIKA INDUSTRIEN ARTEKOA IZAN BAINA AURREKO EPIGRAFEETAN ZEHA 
161710;COMERCIO AL POR MAYOR DE FIBRAS TEXTILES BRUTAS Y PRODUCTOS SEMIELABORADOS;EHUNEZKO ZUNTZ GORDINEN ETA EKOIZKIN ERDIGERTUTUEN HANDIZKAKO MERKATARITZA 
161720;COMERCIO AL POR MAYOR DE CUEROS Y PIELES EN BRUTO;GORDINETAKO LARRU ETA LARRUAZALEN HANDIZKAKO MERKATARITZA 
161730;COMERCIO AL POR MAYOR DE MADERA Y CORCHO;ZUR KORTXOEN HANDIZKAKO MERKATARITZA 
161740;COMERCIO POR MAYOR DE MATERIALES DE CONSTRUCCION,VIDRIO Y ART.DE INSTALACION;ERAIKINTZA ETA BEIRAGINTZAKO MATERIAL ETA INSTALAZIOGAIEN HANDIZKAKO MERKATARI 
161750;COMERCIO AL POR MAYOR DE MAQUINARIA PARA LA MADERA Y EL METAL;ZUR ETA METALERAKO MAKINERIAREN HANDIZKAKO MERKATARITZA 
161760;COMERCIO AL POR MAYOR DE MAQUINARIA AGRICOLA;NEKAZAL MAKINERIAREN HANDIZKAKO MERKATARITZA 
161770;COMERCIO AL POR MAYOR DE MAQUINARIA TEXTIL;EHUN MAKINERIAREN HANDIZKAKO MERKATARITZA 
161780;COMERCIO AL POR MAYOR DE MAQUINAS Y MATERIAL DE OFICINA;BULEGOKO MATERIAL MAKINEN HANDIZKAKO MERKATARITZA 
161790;COMERCIO MAYOR INTERINDUSTRIAL (EXCEP.MINERIA,QUIMICA) OTROS PROD.MAQ.N.C.O.P.;INDUSTRIEN ARTEKOA IZAN (MEATZARITZA ETA KIMIKA EZIK) BAINA AURREKO ATALETAN B 
161810;COMERCIALES EXPORTADORAS (EXPORTACION DE TODA CLASE DE MERCANCIAS);MERKATARI ESPORTATZAILEAK (MERKATALGAI MOTA GUZTIEN ESPORTAZIOA) 
161820;COMERCIO AL POR MAYOR DE TODA CLASE DE MERCANCIAS,EN ZONAS Y DEPOSITOS FRANCOS;MERKATALGAI GUZTIEN HANDIZKAKO MERKATARITZA, ALDE ETA GORDAILU FRANKOETAN BER 
161910;COMERCIO AL POR MAYOR DE JUGUETES Y ARTICULOS DE DEPORTE;JOSTAILU ETA KIROLGAIEN HANDIZKAKO MERKATARITZA 
161920;COMERCIO MAYOR APARATOS E INSTRUMENTOS MEDICOS,ORTOPEDICOS,OPTICOS Y FOTOGRAF.;MEDIKUNTZA, ORTOPEDIA, OPTIKA ETA ARGAZKIGINTZAKO APARATU ETA TRESNEN HANDIZKA 
161930;COMERCIO MAYOR METALES PRECIOSOS, ARTICULOS DE JOYERIA, BISUTERIA Y RELOJERIA;METAL BITXI, HARRIBITXIGINTZA, BISUTEGINTZA ETA ERLOJUGINTZAKO GAIEN HANDIZKA 
161940;COMERCIO AL POR MAYOR DE PRODUCTOS DE PAPEL Y CARTON;PAPER ETA KARTOIZKO EKOIZKINEN HANDIZKAKO MERKATARITZA 
161950;COMERCIO MAYOR ARTICULOS PAPELERIA Y ESCRITORIO,ARTIC. DIBUJO Y BELLAS ARTES;PAPERGAI ETA IDAZGUKO GAIEN, MARRAZKIGINTZA ETA ARTE EDERRETAKO GAIEN HANDIZK 
161960;COMERCIO AL POR MAYOR DE LIBROS, PERIODICOS Y REVISTAS;LIBURU, EGUNKARI ETA ALDIZKARIEN HANDIZKAKO MERKATARITZA 
161970;COMERCIO AL POR MAYOR DE INSTRUMENTOS DE PRECISION, MEDIDA Y SIMILARES;ZEHAZTASUN ETA NEURRI- TRESNEN ETA ANTZEKOEN HANDIZKAKO MERKATARITZA 
161980;COMPRA-VENTA DE GANADO;ABEREN SALEROSKETA 
161990;COMERCIO AL POR MAYOR DE OTROS PRODUCTOS N.C.O.P.;BESTELAKO ATALETAN BILDU EZ DIREN EKOIZKINEN HANDIZKAKO MERKATARITZA 
162100;COMERCIO AL POR MAYOR DE CHATARRA Y METALES DE DESECHO FERREOS Y NO FERREOS;TXATARRA ETA BURDINAZKO ETA EZ BURDINAZKO HONDAKIN METALEN MERKATARITZA 
162200;COMERCIO AL POR MAYOR DE OTROS PRODUCTOS DE RECUPERACION;BERRESKURAKETAKO BESTELAKO EKOIZKINEN HANDIZKAKO MERKATARITZA 
162300;RECUPERACION Y COMERCIO DE RESIDUOS FUERA DE ESTABLECIMIENTO PERMANENTE;HONDAKINEN BERRESKURAKETA ETA MERKATARITZA ESTABLEZIMENDU IRAUNKORRETIK KANPO 
163100;INTERMEDIARIOS DEL COMERCIO;MERKATARITZAKO BITARTEKARIAK 
164100;COMERCIO AL POR MENOR DE FRUTAS, VERDURAS, HORTALIZAS Y TUBERCULOS;FRUITA, BARAZKI, ORTUARI ETA TUBERKULUEN TXIKIZKAKO MERKATARITZA 
164210;"MENOR CARNES Y DESPOJOS;PROD.Y DERIV.CARNICOS ELABOR;HUEVOS,AVES,CONEJOS GRAN.";"HARAGI ETA HONDAKINEN; HARAGIGAI ETA HARAGIKI GERTUTUEN, ARRAULTZE, HEGAZTI, A "
164220;MENOR,EN DEPENDENCIA DE VENTA DE CARNICERIAS-CHARCUTERIAS, CARNE FRESCA Y DER.;HARATEGI URDAITEGIETAN EGITEN DEN HARAGI FRESKO ETA IZOZTUEN, HONDAKIN ETA HAR 
164230;MENOR, EN DEPENDENCIA DE VENTA CARNICERIA-SALCHICHERIA,CARNE FRESCA Y CONGELA.;HARATEGI URDAITEGIETAN EGITEN DEN HARAGI FRESKO ETA IZOZTUEN, HONDAKIN, HARAKI 
164240;MENOR, EN CARNICERIA, CARNE FRESCA Y CONGELADA, DESPOJO Y PROD.DERIV.CARN.ELAB;HARATEGIETAN EGITEN DEN HARAGI FRESKO ETA IZOZTUEN, HONDAKIN ETA HARAGIGAI ETA 
164250;"MENOR DE HUEVOS,AVES,CONEJOS DE GRANJA,CAZA; Y PROD. DERIVADOS DE LOS MISMOS";ARRAULTZE, HEGAZTI, ABELETXEKO UNTXI, EHIZIEN ETA BERAIEN EKOIZKIN ERATORRIEN 
164260;MENOR CASQUERIAS,VISCERA Y DESPOJO PROCEDENTE ANIMALES DE ABASTO,FRESCO-CONGE.;HONDAKIN SALTOKIETAN EGITEN DEN ABASTUKO ANIMALIEN, FRESKO ETA IZOZTUEN ERRAI 
164310;COMERCIO POR MENOR PESCADO Y OTROS PRODUCTOS DE PESCA Y ACUICULTURA Y CARACOL.;ARRAINEN ETA ARRANTZA ETA URZANTZAKO BESTE EKOIZKINEN ETA BARRASKILOEN TXIKIZK 
164320;COMERCIO AL POR MENOR DE BACALAO Y OTROS PESCADOS EN SALAZON;BAKAILU ETA GAZIDURAKO BESTE ARRAIN BATZUREN TXIKIZKAKO MERKATARITZA 
164410;COMERCIO POR MENOR PAN,PASTELERIA,CONFITERIA Y SIMILARES Y LECHE Y PRO.LACTEOS;OGI, GOZOKI, KONFITE ETA ANTZEKOEN BAITA ESNE ETA ESNEKIEN TXIKIZKAKO MERKATAR 
164420;DESPACHOS DE PAN, PANES ESPECIALES Y BOLLERIA;OGI, OGI BEREZI ETA OPILEN SALMENTAK 
164430;COMERCIO AL POR MENOR DE PRODUCTOS DE PASTELERIA, BOLLERIA Y CONFITERIA;GOZOKIGINTZA, OPILGINTZA ETA KONFITEGINTZAKO EKOIZKINEN TXIKIZKAKO MERKATARIT 
164440;COMERCIO AL POR MENOR DE HELADOS;IZOZKIEN TXIKIZKAKO MERKATARITZA 
164450;COMERCIO AL POR MENOR DE BOMBONES Y CARAMELOS;BONBOI ETA KARAMELUEN TXIKIZKAKO MERKATARITZA 
164460;MENOR MASAS FRITAS,PATATAS F.PRO.APERITIVO,FRUTO SECO,GOLOSINA,PRE.CHOCO.BEBI.;ORE FRIJITU, ESTALIEN EDOTA ESTALKABEEN NAHIZ BARRUBETEEN, PATATA FRIJITUEN, 
164500;COMERCIO AL POR MENOR DE VINOS Y BEBIDAS DE TODAS CLASES;MOTA GUZTIETAKO ARDO ETA EDARIEN TXIKIZKAKO MERKATARITZA 
164610;MENOR LABORES TABACO TODA CLASE Y FORMA EN EXPENDEDURIA GRAL.,ESPEC.E INTERIO.;MOTA ETA ERA GUZTIETAKO TABAKO BARIETATEEN TXIKIZKAKO MERKATARITZA, SALTOKI O 
164620;MENOR LABORES TABACO TODA CLASE Y FORMA EN EXTENSION TRANSITORIA DE EXPE.GRAL.;SALTOKI NAGUSIETAKO ZABALKUNDE IRAGANKORRETAKO MOTA ETA ERA GUZTIETAKO TABAKO- 
164630;MENOR LABORES DE TABACO TODA CLASE Y FORMA EN EXPENDE.CARACTER COMPLEMENTARIO;MOTA GUZTIETAKO TABAKO-BARIETATEEN TXIKIZKAKO MERKATARITZA, GEHIGARRI IZAERAZ 
164640;MENOR LABORES TABACO,EN ESTABLECI.EN REGIMEN DE AUTORIZACION VENTA CON RECARGO;MERKATAL ESTABLEZIMENDUEK, ERREKARGUKO SALMENTARAKO BAIMEN-ERREGIMENEAN, EGITE 
164651;CUOTA MUNICIPAL, EL TITULAR DEL ESTABLECIMIENTO;UDALAREN KUOTA, ESTABLEZIMENDUAREN TITULARRARI DAGOKIONA 
164652;CUOTA ESTATAL, EL PROPIETARIO DE LA MAQUINA;ESTATUAREN KUOTA, MAKINAREN TITULARRARI DAGOKIONA 
164660;MENOR TABACOS TODAS CLASES Y FORMAS, LOCALID.DONDE NO ESTA ESTANCADA LA VENTA;MOTA ETA ERA GUZTIETAKO TABAKO BARIETATEEN TXIKIZKAKO MERKATARITZA, SALMENTARA 
164670;MENOR LABORES TABACO REALIZADO POR MINUSVA.FISI.TITULARES AUTORIZACION ESPECI.;BAIMEN BEREZIEN JABE DIREN MINUSBALIODUN FISIKOEK EGITEN DUTEN TABAKO-BARIETAT 
164680;COMERCIO AL POR MENOR DE ARTICULOS PARA FUMADORES;ERRETZAILEENTZAKO GAIEN TXIKIZKAKO MERKATARITZA 
164710;MENOR CUALQUIER CLASE PRODUCTOS ALIMENTICIOS Y BEBIDAS EN ESTABL.CON VENDEDOR;MOTA GUZTIETAKO JANGAI ETA EDARIEN TXIKIZKAKO MERKATARITZA, SALTZAILEDUN ESTAB 
164720;MENOR CUALQUIER CLASE ALIMENTOS Y BEBIDAS EN AUTOSER.O MIXTO SUP.MENOR 120 M2;MOTA GUZTIETAKO JANGAI ETA EDARIEN TXIKIZKAKO MERKATARITZA, AUTOZERBITZUKO ER 
164730;MENOR CUALQUIER CLASE ALIMENTOS Y BEBIDAS EN AUTOSER.O MIXTO ENTRE 120 Y 399 M;SUPERZERBITZUETAN EGITEN DEN MOTA GUZTIETAKO JANGAI ETA EDARIEN TXIKIZKAKO MER 
164740;MENOR CUALQUIER CLASE ALIMENTOS Y BEBIDAS AUTOSER.O MIXTO SUP.IGUAL O + 400 M2;SUPERMERKATUETAN EGITEN DEN MOTA GUZTIETAKO JANGAI ETA EDARIEN TXIKIZKAKO MERK 
164751;CUOTA MUNICIPAL, EL TITULAR DEL ESTABLECIMIENTO;UDALAREN KUOTA, ESTABLEZIMENDUAREN TITULARRARI DAGOKIONA 
164752;CUOTA ESTATAL, EL PROPIETARIO DE LA MAQUINA;ESTATUAREN KUOTA, MAKINAREN TITULARRARI DAGOKIONA 
165110;MENOR PROD.TEXTIL,CONFECCION PARA EL HOGAR,ALFOMBRA Y SIMILAR Y ART.TAPICERIA;ETXERAKO EHUNGINTZAGAI ETA JANTZIGAIEN, ALFONBRA ETA ANTZEKOEN, BAITA TAPIZGI 
165120;COMERCIO AL POR MENOR DE TODA CLASE DE PRENDAS PARA EL VESTIDO Y TOCADO;GORPUTZ ETA BURURAKO MOTA GUZTIETAKO JANZKIEN TXIKIZKAKO MERKATARITZA 
165130;COMERCIO AL POR MENOR DE CAMISERIA, LENCERIA Y CORSETERIA;ALKONDARA, MIHISE ETA KORTSEEN TXIKIZKAKO MERKATARITZA 
165140;COMERCIO AL POR MENOR DE ARTICULOS DE MERCERIA Y PAQUETERIA;PURTZILGINTZA ETA FARDELGINTZAKO GAIEN TXIKIZKAKO MERKATARITZA 
165150;COMERCIO AL POR MENOR DE PRENDAS ESPECIALES;JANZKI BEREZIEN TXIKIZKAKO MERKATARITZA 
165160;MENOR CALZADO,ART.PIEL E IMITACION O PROD.SUSTITUTIVO,CINTURON,CARTERA,BOLSO,;ZAPATA, LARRUAZALGAI ETA IMITAZIOGAI NAHIZ ORDEZKO EKOIZKIN, GERRIKO, KARTERA 
165170;COMERCIO AL POR MENOR DE CONFECCIONES DE PELETERIA;LARRUKIGINTZAKO JANTZIEN TXIKIZKAKO MERKATARITZA 
165210;FARMACIAS:COMERCIO MENOR MEDICAMENTOS,PROD.SANITARIOS Y DE HIGIENE PERSONAL;FARMAZIAK: BOTIKA, SANITATE ETA NORBERE HIGIENERAKO EKOIZKINEN MERKATARITZA 
165220;MENOR PROD.DROGUERIA,PERFUMERIA Y COSMETICA,LIMPIEZA,PINTURA,BARNICES,DISOLVE.;DROGAGINTZA, LURRINGINTZA ETA KOSMETIKA, GARBIKETAKO GAIEN, PINTURA, BERNIZ, . 
165230;MENOR PROD.PERFUMERIA Y COSMETICA, Y ARTICULOS PARA LA HIGIENE Y ASEO PERSONAL;LURRINGINTZA ETA KOSMETIKAKO EKOIZKIN ETA NORBERE HIGIENE ETA GARBIKETARAKO . 
165240;COMERCIO AL POR MENOR DE PLANTAS Y HIERBAS EN HERBOLARIOS;BELARDENDETAKO LANDARE ETA BELARREN TXIKIZKAKO MERKATARITZA 
165310;COMERCIO AL POR MENOR DE MUEBLES (EXCEPTO LOS DE OFICINA);ALTZARIEN TXIKIZKAKO MERKATARITZA (BULEGOKOAK EZIK) 
165320;MENOR MATERIAL Y APARATOS ELECTRICOS,ELECTRONICOS Y ELECTRODOMESTICOS Y OTROS;MATERIAL APARATU ELEKTRIKO, ELEKTRONIKOEN ETA ELEKTRATRESNEN, ARGINDARRA EZ . 
165330;MENOR ART.MENAJE Y FERRET.ADORNO, REGALO Y RECLAMO (INC.BISUTE.Y PEQ.ELECTROD.;APAINDURA, OPARI ETA ERAKARGARRITASUNEKO TRESNA ETA BURDINKIEN TXIKIZKAKO MER 
165340;MENOR DE MATERIALES DE CONSTRUCCION Y DE ARTICULOS Y MOBILIARIO DE SANEAMIENTO;ERAIKINTZAKO MATERIALEN ETA SANEAMENDUKO GAI ETA ALTZARIEN TXIKIZKAKO MERKATAR 
165350;MENOR PUERTA, VENTA.Y PERSIA.,MOLDURA Y MARCO,TARIMA Y PARQUET-MOSAICO,CESTER.;ATE, LEIHO ETA PERTSIANEN, MOLDURA ETA MARKOEN, OHOLTZA ETA PARKET MOSAIKOEN. 
165360;COMERCIO AL POR MENOR DE ARTICULOS DE BRICOLAGE;BIRKOLAIAZKO GAIEN TXIKIZKAKO MERKATARITZA 
165390;MENOR DE OTROS ARTICULOS PARA EL EQUIPAMIENTO DEL HOGAR N.C.O.P.;BESTELAKO ATALETAN BILDU EZ DIREN ETXEKO EKIPAMENDURAKO GAIEN TXIKIZKAKO MERKA 
165410;COMERCIO AL POR MENOR DE VEHICULOS TERRESTRES;LURGAINEKO IBILGAILUEN TXIKIZKAKO MERKATARITZA 
165420;COMERCIO POR MENOR DE ACCESORIOS Y PIEZAS RECAMBIO PARA VEHICULOS TERRESTRES;LURGAINEKO IBILGAILUETARAKO ALDAGAILU ETA ORDEZKAIEN TXIKIZKAKO MERKATARITZA 
165430;COMERCIO AL POR MENOR DE VEHICULOS AEREOS;AIREZKO IBILGAILUEN TXIKIZKAKO MERKATARITZA 
165440;COMERCIO POR MENOR VEHICULOS FLUVIALES Y MARITIMOS DE VELA O MOTOR Y DEPORTIV.;IBAI ITSASOETAKO IBILGAILU BELADUN NAHIZ MOTOREDUNEN ETA KIROLETARAKOEN TXIKIZ 
165450;COMERCIO MENOR TODA CLASE MAQUINARIA(EXC.APAR.HOGAR,OFIC.MEDIC.ORTOP.OPTI.FOT);MOTA GUZTIETAKO MAKINERIAREN TXIKIZKAKO MERKATARITZA (ETXEKO APARATUAK, BULEG. 
165460;COMERCIO MENOR DE CUBIERTAS, BANDAS Y CAMARAS PARA TODA CLASE DE VEHICULOS.;NOLANAHIKO IBILGAILUTARAKO GURPILAZAL, BANDA EDO BANDAI ETA AIRE KAMAREN . 
165510;COMERCIO POR MENOR COMBUSTIBLES DE TODAS CLASES, EXCEPTO GASES Y CARBURANTES;MOTA GUZTIETAKO ERREGAIEN TXIKIZKAKO MERKATARITZA, GAS ETA KARBURAGAIAK EZIK 
165520;COMERCIO AL POR MENOR DE GASES COMBUSTIBLES DE TODAS CLASES;MOTA GUZTIETAKO GAS ERREGAIEN TXIKIZKAKO MERKATARITZA 
165530;COMERCIO POR MENOR DE CARBURANTES PARA SURTIDO VEHICULO Y ACEITE Y GRASA LUBR.;IBILGAILUEN HORNIDURARAKO ERREGAIEN ETA OLIO ETA KOIPE LABAINGAIEN TXIKIZKAKO 
165540;SERVICIOS DE RECARGA ENERGETICA PARA VEHICULOS ELECTRICOS EN EL AMBITO PRIVADO;EREMU PRIBATUAN IBILGAILU ELEKTRIKOETARAKO ENERGIA BIRKARGATZEKO ZERBITZUAK 
165550;SERVICIOS DE RECARGA ENERGETICA PARA VEHICULOS ELECTRICOS EN EL AMBITO PUBLICO;EREMU PUBLIKOAN IBILGAILU ELEKTRIKOETARAKO ENERGIA BIRKARGATZEKO ZERBITZUAK 
165600;COMERCIO MENOR DE BIENES USADOS, COMO MUEBLES, PRENDAS Y ENSERES ORDINARIOS;ONDASUN ERABILIEN TXIKIZKAKO MERKATARITZA: ALTZARIAK, JANTZIAK ETA ETXEAN . 
165700;COMERCIO MENOR DE INSTRUMENTOS MUSICALES Y SUS ACCESORIOS;OROTARIKO MUSIKATRESNEN ETA BERAUEN ALDAGAILUEN TXIKIZKAKO MERKATARITZA 
165910;COMERCIO MENOR SELLO,MONEDAS,OBRAS ARTE, ANTIGUEDADES,OBJETSO DE COLECCION.;BILDUMAGILEENTZAKO ZIGILU, MONETA, OROIDOMINA ETA BILETEEN, ARTELAN ETA AINTZI 
165920;COMERCIO AL POR MENOR DE MUEBLES DE OFICINA Y DE MAQUINAS Y EQUIPOS DE OFICINA;BULEGOKO ALTZARIEN ETA BULEGOKO MAKINA EKIPOEN TXIKIZKAKO MERKATARITZA 
165930;COMERCIO MENOR APARATOS E INSTRUMENTOS MEDICOS,ORTOPEDICOS,OPTICOS Y FOTOGFRA.;MEDIKUNTZA, ORTOPEDIA, OPTIKA ETA ARGAZKIGINTZAKO APARATU ETA TRESNEN TXIKIZKA 
165940;COMERCIO MENOR LIBROS, PERIODICOS, ART.PAPEL.Y ESCRIT.Y DIBUJO Y BELLAS ARTES;LIBURU, ALDIZKARI, PAPERGINTZA ETA IDAZGUKO GAI ETA MARRAZKIGINTZA ETA ARTE ED 
165950;COMERCIO AL POR MENOR DE ARTICULOS DE JOYERIA, RELOJERIA, PLATERIA Y BISUTERIA;HARRIBITXIGINTZA, ERLOJUGINTZA, ZILARGINTZA ETA BISUTEGINTZAKO GAIEN TXIKIZKAK 
165960;COMERCIO POR MENOR JUGUETE,ART.DEPORTE,PRENDA DEPORTIVA,CALZADO Y TOCADO,ARMAS;JOSTAILU, KIROLGAI, KIROL JANZKI, ZAPATA ETA BURU APAINGAILU, ARMA, KARTUTXO 
165970;COMERCIO AL POR MENOR DE SEMILLAS, ABONOS,FLORES Y PLANTAS Y PEQUEÑOS ANIMALES;HAZI, ONGARRI, LORE ETA LANDAREEN, BAITA ANIMALIA TXIKIEN TXIKIZKAKO MERKAT 
165980;COMERCIO AL POR MENOR DENOMINADO -SEXSHOP-;#¿NOMBRE? 
165990;COMERCIO MENOR OTROS PRODUCTOS NO ESPECIFICADOS EN AGRUP.65, EXCEPTO EP.653.9;NAGUSITASUNIK GABEKO ZENBAIT EKOIZKINEN ETA ELKARTZE HONETAN ZEHAZTU GABEKO BE 
166110;COMERCIO EN GRANDES ALMACENES DE VARIAS GAMAS DE PRODUCTOS;EROSTETXE HANDIETAKO MERKATARITZA, EROSTETXE HANDITZAT HAINBAT SAILETAN AURKE 
166120;COMERCIO EN HIPERMERCADOS, DE AMPLIO SURTIDO DE PROD.ALIMENTICIO Y NO ALIMENT,;HIPERMERKATUETAKO MERKATARITZA, HIPERMERKATUTZAT NAGUSIKI AUTOZERBITZUAN SALM 
166130;COMERCIO EN ALMACENES POPULARES, DE UN SURTIDO DE BIENES DE CONSUMO;EROSTETXE ARRUNTETAKO MERKATARITZA, EROSTETXE ARRUNTZAT AUTOZERBITZUAN NAHIZ . 
166210;COMERCIO AL POR MENOR DE TODA CLASE ART.DE ECONOMATOS Y COOPERATIVAS CONSUMO;KONTSUMO EKONOMATU ETA KOOPERATIBETAKO ARTIKULU MOTA GUZTIEN TXIKIZKAKO MERKA 
166220;COMERCIO MENOR TODA CLASE ARTICULOS,EN ESTABL.DISTINTO A GRUPO 661 6 EP.662.1;661. TALDEAN ETA 662.1. EPIGRAFEAN ZEHAZTU IZAN DIREN ESTABLEZIMENDUEZ EZ BEST 
166310;COMERCIO MENOR FUERA ESTAB.COMERC.PROD.ALIMENTICIOS,INCLUSO BEBIDAS Y HELADOS;MERKATAL ESTABLEZIMENDU IRAUNKORRETIK KANPOKO ELIKADURAGAIEN, EDARIAK ETA IZO 
166320;COMERCIO MENOR FUERA DE ESTABL.COMERCIAL PERMANENTE ART.TEXTILES Y CONFECCION;MERKATAL ESTABLEZIMENDU IRAUNKORRETIK KANPOKO EHUNGAIEN ETA JANTZIGAIEN TXIKIZ 
166330;COMERCIO MENOR FUERA DE ESTABLEC.COMERCIAL PERMANENTE CALZADO,PIELES,ART.CUERO;MERKATAL ESTABLEZIMENDU IRAUNKORRETIK KANPOKO ZAPATA, LARRUAZAL ETA LARRUAZAL 
166340;COMERCIO MENOR FUERA ESTABL.COMER.PERMA.ART.DROGUERIA Y COSMETICO Y PRO.QUIMI.;MERKATAL ESTABLEZIMENDU IRAUNKORRETIK KANPOKO DROGAGINTZA ETA KOSMETIKAKO GAI 
166390;COMERCIO MENOR FUERA ESTAB.COMER.PERMANENTE DE OTRA CLASE DE MERCANCIA N.C.O.P;MERKATAL ESTABLEZIMENDUTIK KANPOKO BESTELAKO ATALETAN EZ BILDUTAKO BESTE MERK 
166411;CUOTA MUNICIPAL, EL TITULAR DEL ESTABLECIMIENTO;UDALAREN KUOTA, ESTABLEZIMENDUAREN TITULARRARI DAGOKIONA 
166412;CUOTA ESTATAL, EL PROPIETARIO DE LAS VITRINAS;ESTATUAREN KUOTA, BITRINEN TITULARRARI DAGOKIONA 
166491;CUOTA MUNICIPAL, EL TITULAR DEL ESTABLECIMIENTO;UDALAREN KUOTA, ESTABLEZIMENDUAREN TITULARRARI DAGOKIONA 
166492;CUOTA ESTATAL, EL PROPIETARIO DE LOS APARATOS;ESTATUAREN KUOTA, APARAILUEN JABEARI DAGOKIONA 
166500;COMERCIO AL POR MENOR POR CORREO O POR CATALOGO DE PRODUCTOS DIVERSOS;POSTAZKO EDO PRODUKTU EZBERDINEN KATALOGOAREN BIDEZKO MERKATARITZA 
167110;RESTAURANTE DE CINCO TENEDORES;BOST SARDESKAKOAK 
167120;RESTAURANTE DE CUATRO TENEDORES;LAU SARDESKAKOAK 
167130;RESTAURANTE DE TRES TENEDORES;HIRU SARDESKAKOAK 
167140;RESTAURANTE DE DOS TENEDORES;BI SARDESKAKOAK 
167150;RESTAURANTE DE UN TENEDOR;SARDESKA BATEKOAK 
167210;CAFETERIA DE TRES TAZAS;HIRU KIKARAKOAK 
167220;CAFETERIA DE DOS TAZAS;BI KIKARAKOAK 
167230;CAFETERIA DE UNA TAZA;KIKARA BATEKOAK 
167310;BAR DE CATEGORIA ESPECIAL;KATEGORIA BEREZIKOAK 
167320;OTROS CAFES Y BARES;BESTELAKO KAFETEGI ETA TABERNAK 
167410;SERVICIO BAR RESTAURANTE EN VEHICULOS DE TRACCION MECANICA;TRAKZIO MEKANIKOZKO IBILGAILUETAKO ZERBITZUA 
167420;SERVICIO BAR RESTAURANTE EN FERROCARRILES DE CUALQUIER CLASE;EDOZEIN MOTATAKO TRENBIDEETAKO ZERBITZUA 
167430;SERVICIO BAR RESTAURANTE EN BARCOS;ITSASUNTZIETAKO ZERBITZUAK 
167440;SERVICIO BAR RESTAURANTE EN AERONAVES;AEROUNTZIETAKO ZERBITZUAK 
167450;SERVICIO BAR RESTAURANTE EN SOCIEDADES, CIRCULOS, CASINO,CLUBS,Y ESTAB.ANALOGO;SOZIETATE, ZIRKULO, KASINO, KLUB ETA ANTZEKO ESTABLEZIMENDUETAKO ZERBITZUAK 
167460;SERVICIO BAR RESTAURANTE EN TEATROS Y ESPECTAC.ABIERTOS EN HORAS DEL ESPECTAC.;IKUSKIZUNAK IRAUN BITARTEAN BAKARRIK ZABALIK DAUDEN ANTZOKI ETA GAINERAKO IKUS 
167470;SERVICIOS QUE SE PRESTAN EN PARQUES O RECINTOS FERIALES CLASIFICADOS EP.989.3;TARIFA HAUETAKO 1. ATAL HONETAKO 989.3. EPIGRAFEAN SAILKATURIKO FERIA-PARKE. 
1675100;SERVICIOS EN QUIOSCOS, CAJONES, BARRACAS, AL AIRE LIBRE EN LA VIA PUBLICA;KIOSKOETAKO, KUTXETAKO, BARRAKETAKO ZERBITZUAK AIRE ZABALEAN BIDE PUBLIKOAN
1675101;SERVICIOS EN QUIOSCOS, CAJONES, BARRACAS, AL AIRE LIBRE EN LA VIA PUBLICA (MERCADO O PLAZA DE ABASTOS);KIOSKOETAKO, KUTXETAKO, BARRAKETAKO ZERBITZUAK AIRE ZABALEAN BIDE PUBLIKOAN (MERKATUA EDO AZOKA-PLAZA)
167520;SERVICIOS DE HOSTELERIA FUERA DE ESTABLECIMIENTO PERMANENTE, TXOZNAS -15 DIAS;ESTABLEZIMENDU IRAUNKORRAK EZ DIREN OSTATUETAKO ZERBITZUGINTZA, TXOZNAK 
167600;SERVICIOS EN CHOCOLATERIAS, HELADERIAS Y HORCHATERIAS;TXOKOLATEGI, IZOTZDENDA ETA ORTXATADENDETAKO ZERBITZUAK 
167710;SERVICIOS ALIMENTACION PRESTADOS FUERA DE ESTABLECIMIENTO;67 ETA 68. ELKARTZEETAKO 671, 672, 673, 681 ETA 682. TALDEETAN SAILKATUTAKO ES 
167790;OTROS SERVICIOS DE ALIMENTACION PROPIOS DE LA RESTAURACION;JATETXEGINTZARI BEREZKOAK ZAIZKION BESTE ELIKADURA ZERBITZU BATZU 
168100;SERVICIO DE HOSTELERIA EN HOTELES Y MOTELES;HOTEL ETA MOTELETAKO OSTALARITZA ZERBITZUA 
168200;SERVICIO DE HOSTELERIA EN HOSTALES Y PENSIONES;OSTATETXE ETA PENTSIOETAKO OSTALARITZA ZERBITZUAK 
168310;SERVICIO DE HOSTELERIA EN FONDAS Y CASAS DE HUESPEDES;OSTATUETXE ETA OSTALIERRETXEETAKO OSTALARITZA ZERBITZUA 
1683200;ALOJAMIENTOS TURISTICOS AGRICOLAS (RÉGIMEN SIMPLIFICADO AGRÍCOLA);NEKAZAL OSTATU TURISTIKOAK (NEKAZARITZA ERREGIMEN ERRAZTUA)
1683201;ALOJAMIENTOS TURISTICOS AGRICOLAS (RÉGIMEN SIMPLIFICADO NO AGRÍCOLA);NEKAZAL OSTATU TURISTIKOAK (NEKAZARITZAKOA EZ DEN ERREGIMEN ERRAZTUA)
168400;SERVICIO DE HOSTELERIA EN HOTELES-APARTAMENTOS;HOTEL-APARTAMENDUETAKO OSTALARITZA ZERBITZUA 
168500;ALOJAMIENTOS TURISTICOS EXTRAHOTELEROS;HOTELEZKANPOKO ALOJAMENDU TURISTIKOAK 
168600;EXPLOTACION DE APARTAMENTOS PRIVADOS A TRAVES DE AGENCIA O EMPRESA ORGANIZADA;AGENTZIA NAHIZ ENPRESA ANTOLATUAREN BITARTEZKO APARTAMENTU PRIBATUEN USTIAPENA 
168710;CAMPAMENTOS DE LUJO;LUXUZKO KANPALEKUAK 
168720;CAMPAMENTOS DE PRIMERA CLASE;LEHEN MAILAKO KANPALEKUAK 
168730;CAMPAMENTOS DE SEGUNDA CLASE;BIGARREN MAILAKO KANPALEKUAK 
168740;CAMPAMENTOS DE TERCERA CLASE;HIRUGARREN MAILAKO KANPALEKUAK 
169110;REPARACION DE ARTICULOS ELECTRICOS PARA EL HOGAR;ETXEBIZITZARAKO ELEKTRAGAIEN KONPONKETA 
169120;REPARACION DE VEHICULOS AUTOMOVILES, BICICLETAS Y OTROS VEHICULOS;IBILGAILU AUTOMOBIL, BIZIKLETA ETA BESTELAKO IBILGAILUEN KONPONKETA 
1691900;REPARACION DE OTROS BIENES DE CONSUMO N.C.O.P. (EXCEPTO CALZADO);BESTELAKO ATALETAN BILDU GABEKO BESTE KONTSUMOGAIEN KONPONKETA (ZAPATAK IZAN EZIK)
1691901;REPARACION DE OTROS BIENES DE CONSUMO N.C.O.P. (CALZADO);BESTELAKO ATALETAN BILDU GABEKO BESTE KONTSUMOGAIEN KONPONKETA (ZAPATAK)
169200;REPARACION DE MAQUINARIA INDUSTRIAL;INDUSTRI MAKINERIAREN KONPONKETA 
169900;OTRAS REPARACIONES N.C.O.P.;BESTELAKO ATALETAN BILDU EZ DIREN BESTE KONPONKETA BATZU 
171100;TRANSPORTE FERROVIARIO POR VIA NORMAL;TRENBIDE ARRUNTEZKO GARRAIOA 
171200;TRANSPORTE FERROVIARIO POR VIA ESTRECHA;TRENBIDE ESTUZKO GARRAIOA 
172110;TRANSPORTE URBANO COLECTIVO;TALDEKADO HIRI GARRAIOA 
172120;TRANSPORTE POR AUTOTAXIS;AUTOTAXIZKO GARRAIOA 
172130;TRANSPORTE DE VIAJEROS POR CARRETERA;BIDAIARIEN ERREPIDEZKO GARRAIOA 
172140;TRANSPORTE SANITARIO EN AMBULANCIAS;AMBULANTZIAK 
172200;TRANSPORTE DE MERCANCIAS POR CARRETERA;MERKATALGAIEN ERREPIDEZKO GARRAIOA 
172900;OTROS TRANSPORTES TERRESTRES N.C.O.P.;BESTELAKO ATALETAN BILDU EZ DIREN LURGAINEKO GARRAIOAK 
173110;TRANSPORTE MARITIMO INTERNACIONAL DE PASAJEROS;BIDAIARIEN NAZIOARTEKO ITSAS GARRAIOA 
173120;TRANSPORTE MARITIMO INTERNACIONAL DE MERCANCIAS;MERKATALGAIEN NAZIOARTEKO ITSAS GARRAIOA 
173200;TRANSPORTE MARITIMO DE CRUDOS Y GASES;GORDINKIN ETA GASEN ITSAS GARRAIOA 
173310;TRANSPORTE DE CABOTAJE Y POR VIAS NAVEGABLES INTERIORES, DE VIAJEROS;BIDAIARIEN KABOTAIA ETA BARRUKO BIDE NABIGAGARRIETATIKO GARRAIOA 
173320;TRANSPORTE DE CABOTAJE Y POR VIAS NAVEGABLES INTERIORES DE MERCANCIAS;MERKATALGAIEN KABOTAIA ETA BARRUKO BIDE NABIGAGARRIETATIKO GARRAIOA 
173330;SERVICIOS DE TRANSBORDADORES, FERRYBOATS Y ANALOGOS;ALDAUNTZI, FERRYBOAT-AK ETA ANTZEKOAK 
173340;TRANSPORTE MARITIMO DE PASAJEROS MEDIANTE LOS DENOMINADOS JET-FOIL Y SIMILARES;JET-FOIL ETA ANTZEKOEN BIDEZKO BIDAIARIEN ITSAS GARRAIOA 
174110;TRANSPORTE AEREO NACIONAL DE VIAJEROS (SERVICIOS REGULARES);BIDAIARIEN AIREZKO NAZIO BARRUKO GARRAIOA (ZERBITZU ERREGULARRAK) 
174120;TRANSPORTE AEREO NACIONAL DE MERCANCIAS (SERVICIOS REGULARES);MERKATALGAIEN AIREZKO NAZIO BARRUKO GARRAIOA (ZERBITZU ERREGULARRAK) 
174130;TRANSPORTE AEREO INTERNACIONAL DE VIAJEROS (SERVISIO REGULARES);BIDAIARIEN AIREZKO NAZIOARTEKO GARRAIOA (ZERBITZU ERREGULARRAK) 
174140;TRANSPORTE AEREO INTERNACIONAL DE MERCANCIAS (SERVICIOS REGULARES);MERKATALGAIEN AIREZKO NAZIOARTEKO GARRAIOA (ZERBITZU ERREGULARRAK) 
174210;TRANSPORTE AEREO NACIONAL DE VIAJEROS (SERVICIOS NO REGULARES);BIDAIARIEN AIREZKO NAZIO BARRUKO GARRAIOA (ZERBITZU EZ-ERREGULARRAK) 
174220;TRANSPORTE AEREO NACIONAL DE MERCANCIAS (SERVICIOS NO REGULARES);MERKATALGAIEN AIREZKO NAZIO BARRUKO GARRAIOA (ZERBITZU EZ-ERREGULARRAK) 
174230;TRANSPORTE AEREO INTERNACIONAL DE VIAJEROS (SERVICIOS NO REGULARES);BIDAIARIEN AIREZKO NAZIOARTEKO GARRAIOA (ZERBITZU EZ-ERREGULARRAK) 
174240;TRANSPORTE AEREO INTERNACIONAL DE MERCANCIAS (SERVICIOS NO REGULARES);MERKATALGAIEN AIREZKO NAZIOARTEKO GARRAIOA (ZERBITZU EZ-ERREGULARRAK) 
175110;GUARDA Y CUSTODIA DE VEHICULOS EN GARAJES Y LOCALES CUBIERTOS.;APARKALEKUEN USTIAPENA 
175120;GUARDA Y CUSTODIA DE VEHICULOS EN -APARCAMIENTOS SUTERRANEOS- O -PARKINGS-;AUTOESTRATA, ERREPIDE, ZUBI ETA BIDESARIPEKO TUNELEN USTIAPENA 
175130;GUARDA Y CUSTODIA DE VEHICULOS EN SOLARES O TERRENOS SIN EDIFICAR.;IBILGAILUEN ZAINTZA ETA JAGOTZA ORUBEETAN EDO LUR ERAIKINBAKOETAN 
175140;EXPLOTACION DE AUTOPISTAS, CARRETERAS, PUENTES Y TUNELES DE PEAJE.;AUTOESTRATA, ERREPIDE, ZUBI ETA BIDESARIPEKO TUNELEN USTIAPENA 
175150;ENGRASE Y LAVADO DE VEHICULOS;IBILGAILUEN KOIPEZTAKETA ETA GARBIKETA 
175160;SERVICIO DE CARGA Y DESCARGA DE MERCANCIAS;MERKATARITZA-GAIEN ZAMAKETA ETA HUSTUKETAKO ZERBITZUAK 
175210;SERVICIOS DE PILOTAJE Y PRACTICOS EN PUERTOS;PILOTU ETA LEMAZAINEN ZERBITZUAK PORTUETAN 
175220;SERVICIO DE TRANSBORDO DE UNOS BARCOS A OTROS;BATZUETATIK BESTEETARAKO UNTZIALDAKETA ZERBITZUA 
175230;SERVICIOS DE REMOLQUE DE NAVIOS;UNTZIETARAKO ATOI ZERBITZUA 
175240;SERVICIOS LIMPIEZA,DESINFECCION Y SIMILARES A CARGO DE PERSONAL AJENO AL BARCO;UNTZIKOA EZ DEN PERTSONALAK BURUTUTAKO GARBIKETA, DESINFEKTAKETA ETA ANTZEKO 
175250;SERVICIOS DE SALVAMENTO Y RECUPERACION DE BARCOS;UNTZIEN SALBAMENDU ETA BERRESKURAKETA ZERBITZUAK 
175260;SERVICIOS DE CARGA Y DESCARGA DE BUQUES;UNTZIEN ZAMAKETA ETA HUSTUKETA ZERBITZUAK 
175270;SERVICIOS DE EXPLOTACION Y MANTENIMIENTO DE PUERTO, CANALES, DIQUES, ETC.;PORTU, KANAL, EUSTARRI ETA ABARRETAKO USTIAPEN ETA MANTENIMENDU ZERBITZUAK 
175280;SERVICIO DE SEÑALES MARITIMAS Y COSTERAS;ITSASO ETA ITSASALDEKO SEINALE ZERBITZUA 
175310;TERMINALES DE LINEAS DE TRANSPORTE AEREO EN AEROPUERTOS;AIREZKO GARRAIO LINEETAKO TERMINALAK AIREPORTUETAN 
175320;SERVICIOS DE CONTROL DE NAVEGACION AEREA;AIREPORTUETAKO HEGALDI-KONTROLERAKO ZERBITZUAK 
175330;SERVICIOS DE HANGARES Y ESTACIONAMIENTO DE AERONAVES;HANGARE ETA AIREUNTZIEN ESTAZIONAMENDU ZERBITZUAK 
175340;SERVICIOS DE REMOLQUE, LIMPIEZA Y MANTENIMIENTO DE AERONAVES;AIREUNTZIEN ATOIKETA, GARBIKETA ETA MANTENIMENDU ZERBITZUAK 
175350;EXPLOTACION INTEGRAL DE LOS AEROPUERTOS;AIREPORTUEN OSOKO USTIAPENA 
175390;OTROS SERVICIOS ANEXOS AL TRANSPORTE AEREO N.C.O.P.;BESTE ATALETAN BILDU EZ DIREN ETA AIREZKO GARRAIOAREN ONDOKOAK DIREN BESTE ZE 
175410;DEPOSITOS Y ALMACENES GENERALES;GORDAILUAK ETA BILTEGI OROKORRAK 
175420;DEPOSITOS Y ALMACENES DE VEHICULOS;IBILGAILUEN GORDAILU ETA BILTEGIAK 
175430;SILOS Y OTROS ALMACENES DE GRANOS;ZILO ETA BIKORRETARAKO BESTE BILTEGI BATZU 
175440;ALMACENES FRIGORIFICOS;HOZKELAK 
175450;ALMACENES Y DEPOSITOS DE LIQUIDOS;LIKIDOEN BILTEGI ETA GORDAILUAK 
175460;GUARDAMUEBLES;ALTZARI GORDAILUAK 
175490;OTROS DEPOSITOS Y ALMACENES ESPECIALES N.C.O.P.;BESTE ATALETAN BILDU EZ DIREN BESTE GORDAILU ETA BILTEGI BEREZI BATZU 
175500;AGENCIAS DE VIAJES;BIDAI AGENTZIAK 
175600;ACTIVIDADES AUXILIARES Y COMPLEMENTARIAS DEL TRANSPORTE (INTERMEDIA.TRANSPOR.);GARRAIOAREN IHARDUERA LAGUNGARRI ETA OSAGARRIAK (GARRAIOKO BITARTEKOAK) 
175700;SERVICIOS DE MUDANZAS;ETXALDAKETA ZERBITZUAK 
176110;SERVICIOS TELEFONICOS EN DOMICILIOS PARTICULARES;ETXE PARTIKULARRETAKO TELEFONO ZERBITZUAK 
176120;SERVICIOS TELEFONICOS PARA USO PUBLICO;ERABILERA PUBLIKORAKO TELEFONO ZERBITZUAK 
176900;OTROS SERVICIOS DE TELECOMUNICACION;TELEKOMUNIKAZIOKO BESTE ZERBITZU BATZU 
181100;BANCA;BANKA 
181200;CAJAS DE AHORRO;AURREZKI KUTXAK 
181910;INSTITUCIONES DE CREDITO;KREDITU ERAKUNDEAK 
181920;ESTABLECIMIENTOS FINACIEROS DE CREDITO;KREDITU ERAKUNDE FINANZIEROAK 
181930;ESTABLECIMIENTOS FINANCIEROS DE CREDITO (PRESTAMOS Y CREDITO);KREDITU ERAKUNDE FINANZIEROAK (KREDITU ETA MAILEGUAK) 
181940;ESTABLECIMIENTOS FINANCIEROS DE CREDITO (FACTORING);KREDITU ERAKUNDE FINANZIEROAK (FACTORING) 
181950;ESTABLECIMIENTOS FINANCIEROS DE CREDITO (ARRENDAMIENTO FINANCIERO);FINANTZ ERRENTAMENDU EDO -LEASING-A EGITEN DUTEN ENTITATEAK 
181960;ENTIDADES DE CAMBIO DE MONEDA;MONETA TRUKATZEKO ENTITATEAK 
181990;OTRAS ENTIDADES FINANCIERAS N.C.O.P.;BESTE ATALETAN BILDU EZ DIREN BESTE ZENBAIT FINANTZ ENTITATE 
182100;ENTIDADES ASEGURADORAS DE VIDA Y CAPITALIZACION;BIZITZA ETA KAPITALIZAZIOAREN ENTITATE ASEGURATZAILEAK 
182200;ENTIDADES ASEGURADORAS DE ENFERMEDAD Y RIESGOS DIVERSOS;ERITASUN ETA ZENBAIT ARRISKUREN ENTITATE ASEGURATZAILEAK 
182300;OTRAS ENTIDADES ASEGURADORAS (MONTEPIOS, CAJA DE PENSIONES ETC.);BESTELAKO ENTITATE ASEGURATZAILEAK (MONTEPIOAK, PENTSIO KUTXAK, ETAB.) 
183110;SERVICIOS DE COMPRA Y VENTA Y CONTRATACION DE VALORES MOBILIARIOS;BALORE HIGIEZINEN EROSKETA, SALMENTA ETA KONTRATAZIO ZERBITZUAK 
183120;SERVICIOS FINANCIEROS DE CONTRATACION DE PRODUCTOS;PRODUKTUEN KONTRATAZIOAREN FINANTZ ZERBITZUAK 
183130;SERVICIOS DE COMPENSACION BANCARIA;BANKA-KONPENTSAZIO ZERBITZUAK 
183190;OTROS SERVICIOS FINANCIEROS N.C.O.P.;BANKA-KONPENTSAZIO ZERBITZUAK 
183210;AGENCIAS DE SEGUROS Y CORREDURIAS DE SEGUROS;ASEGURU AGENTZIAK ETA ASEGURU ARTEKARITZAK 
183220;SERVICIOS DE TASACION Y TARIFACION DE SEGUROS;ASEGURUETAKO TASAZIO ETA TARIFAK EGITEKO ZERBITZUAK 
183290;OTROS SERVICIOS AUXILIARES DE SEGUROS N.C.O.P.;BESTE ATALETAN BILDU EZ DIREN ASEGURUETAKO ZERBITZU LAGUNTZAILEAK 
183311;PROMOCION DE TERRENOS - CUOTA FIJA;SALGAI JARRITAKO LURREN - KUOTA FINKOA 
183321;PROMOCION DE EDIFICACIONES - CUOTA FIJA;SALGAI JARRITAKO ERAIKUNTZEN -KUOTA FINKOA 
183400;SERVICIOS RELATIVOS A LA PROPIEDAD INMOBILIARIA Y A LA PROPIEDAD INDUSTRIAL;HIGIEZINEN JABETZA ETA INDUSTRI JABETZAREN INGURUKO ZERBITZUAK 
184100;SERVICIOS JURIDICOS;ZERBITZU JURIDIKOAK 
184200;SERVICIOS FINANCIEROS Y CONTABLES;FINANTZ ETA KONTABILITATE ZERBITZUAK 
184310;SERVICIOS TECNICOS DE INGENIERIA;ZERBITZU TEKNIKOAK (INGENIARITZA, ARKITEKTURA, HIRIGINTZA, ETAB.) 
184320;SERVICIOS TECNICOS DE ARQUITECTURA Y URBANISMO;ARKITEKTURA ETA HIRIGINTZAKO ZERBITZU TEKNIKOAK 
184330;SERVICIOS TECNICOS DE PROSPECCIONES Y ESTUDIOS GEOLOGICOS;GEOLOGI AZTERLAN ETA IKERLANETAKO ZERBITZU TEKNIKOAK 
184340;SERVICIOS TECNICOS DE TOPOGRAFIA;TOPOGRAFIAKO ZERBITZU TEKNIKOAK 
184350;SERVICIOS TECNICOS DE DELINEACION;DELINEAKETAKO ZERBITZU TEKNIKOAK 
184360;INSPECCION TECNICA DE VEHICULOS;IBILGAILUEN AZTERKETA TEKNIKOA 
184390;OTROS SERVICIOS TECNICOS N.C.O.P.;BESTE ATALETAN BILDU EZ DIREN ZERBITZU TEKNIKOAK 
184400;SERVICIOS DE PUBLICIDAD, RELACIONES PUBLICAS Y SIMILARES;PUBLIZITATE, HARREMAN PUBLIKO ETA ANTZERAKO ZERBITZUAK 
184500;EXPLOTACION ELECTRONICA POR CUENTA DE TERCEROS;GAINONTZEKOEN KONTURAKO USTIAPEN ELEKTRONIKOA 
184600;EMPRESAS DE ESTUDIOS DE MERCADO;MERKATUARI BURUZKO AZTERLANETAKO ENPRESAK 
184700;EMPRESAS DE CONSULTORIA;ITAUN ENPRESAK 
184800;SERVICIOS INTEGRALES DE CORREOS Y TELECOMUNICACIONES.;POSTA ETA TELEKOMUNIKAZIOETAKO ZERBITZU INTEGRALAK. 
184910;COBROS DE DEUDAS Y CONFECCION DE FACTURAS;BESTE ATALETAN BILDU EZ ETA ENPRESEI ESKAINITAKO ZERBITZUAK 
184920;SERVICIOS MECANOGRAFICOS,TAQUIGRAFICOS,REPRODUCCION DE ESCRITOS,PLANOS Y DOCU.;IDAZKI, PLANO ETA AGIRIEN BERREGINTZAKO MEKANOGRAFI, TAKIGRAFI ZERBITZUAK 
184930;SERVICIOS DE TRADUCCION Y SIMILARES;ITZULPEN ZERBITZUAK ETA ANTZEKOAK 
184940;SERVICIOS DE CUSTODIA, SEGURIDAD Y PROTECCION;ITZULPEN ZERBITZUAK ETA ANTZEKOAK 
1849501;SERVICIOS DE RECADERIA, REPARTO Y MANIPULACION DE CORRESPONDENCIA;MATALGO ZERBITZUAK 
1849502;TRANSPORTE DE MENSAJERIA Y RECADERIA CON MEDIOS PROPIOS;NORBERAREN BITARTEKOAK ERABILTZEN DITUZTEN MEZULARITZA ZERBITZUEN GARRAIOA 
184960;SERVICIOS DE COLOCACION Y SUMINISTRO DE PERSONAL;PERTSONALAREN ENPLEGAKETA ETA HORNIDURA ZERBITZUAK 
184970;SERVICIOS DE GESTION ADMINISTRATIVA;ADMINISTRAZIO KUDEAKETAKO ZERBITZUAK 
184980;MULTISERVICIOS INTENSIVOS DE PERSONAL;ASKOTARIKO ZERBITZU TRINKOAK PERTSONALEAN 
184990;OTROS SERVICIOS INDEPENDIENTES N.C.O.P.;BESTE ATALETAN BILDU EZ DIREN ZERBITZU INDEPENDIENTEAK 
185100;ALQUILER DE MAQUINARIA Y EQUIPO AGRICOLA;NEKAZAL MAKINERIA ETA EKIPOAREN ALOGERA (PERTSONAL IRAUNKORRIK GABE) 
185200;ALQUILER DE MAQUINARIA Y EQUIPO PARA LA CONSTRUCCION;NEKAZAL MAKINERIA ETA EKIPOAREN ALOGERA (PERTSONAL IRAUNKORRIK GABE) 
185300;ALQUILER DE MAQUINARIA Y EQUIPO CONTABLE, DE OFICINA Y CALCULO ELECTRONICO;NEKAZAL MAKINERIA ETA EKIPOAREN ALOGERA (PERTSONAL IRAUNKORRIK GABE) 
185410;ALQUILER DE AUTOMOVILES SIN CONDUCTOR;GIDARIRIK GABEKO AUTOMOBILEN ALOGERA 
185420;ALQUILER DE AUTOMOVILES SIN CONDUCTOR EN REGIMEN DE - RENTING -;AUTOMOBIL ALOGERA, GIDARI GABE, RENTING MODALITATEAN 
185510;ALQUILER DE AERONAVES DE TODAS CLASES;MOTA OROTAKO AIREUNTZIEN ALOGERA 
185520;ALQUILER DE EMBARCACIONES;URTZIEN ALOGERA 
185530;ALQUILER DE BICICLETAS;BIZIKLETEN ALOGERA 
185590;ALQUILER DE OTROS MEDIOS DE TRANSPORTE N.C.O.P.;BESTE ATALETAN BILDU EZ DIREN GARRAIOBIDEEN ALOGERA 
185610;ALQUILER DE BIENES DE CONSUMO;KONTSUMOKO ONDASUNEN ALOGERA 
185620;ALQUILER DE PELICULAS DE VIDEO;BIDEOKO FILMEEN ALOGERA 
185710;ALQUILER BASCULAS,BALANZAS Y APARATOS DE PESAR Y MEDIR, EXC.CONTADORES MEDIDA;BASKULA, BALANTZA ETA PISATU ETA NEURTZEKO GAINERAKO APARATUEN ALOGERA, NEURRI 
185720;SERVICIO DE PESA A MEDIDA SIN ALQUILER DEL APARATO;NEURRIRAKO PISAKETA ZERBITZUA APARATUAREN ALOGERARIK GABE 
185730;ALQUILER DE CONTADORES PARA AUTOMOVILES;AUTOMOBILETARAKO ZENBAKAILUEN ALOGERA 
185740;ALQUILER, LECTURA Y CONSERVACION DE CONTADORES DE ENERGIA ELECTRICA;ELEKTRAENERGIA, GAS ETA UR ZENBAKAILUEN ALOGERA, IRAKURKETA ETA ARTAPENA 
185750;LECTURA Y CONSERVAC.POR TANTO ALZADO DE CONTADORES DE ENERGIA ELECTRICA;ELEKTRAENERGIA, GAS ETA UR ZENBAKAILUEN GOREN MUGAKO IRAKURKETA ETA ARTAPENA 
185760;ALQUILER LECTURA Y CONSERVACION DE CONTADORES DE GAS;GASAREN ZENBALAILUEN ALOGERA, IRAKURKETA ETA ARTAPENA 
185770;LECTURA Y CONSERVACION POR TANTO ALZADO DE CONTADORES DE GAS;GASAREN ZENBALAILUEN GOREN MUGAKO ALOGERA, IRAKURKETA ETA ARTAPENA 
185780;ALQUILER, LECTURA Y CONSERVACION DE CONTADORES DE AGUA;URAREN ZENBAKAILUEN ALOGERA, IRAKURKETA ETA ARTAPENA 
185790;LECTURA Y CONSERVACION POR UN TANTO ALZADO DE CONTADORES DE AGUA;URAREN ZENBALAILUEN GOREN MUGAKO ALOGERA, IRAKURKETA ETA ARTAPENA 
1859001;ALQUILER DE OTROS BIENES MUEBLES N.C.O.P. (SIN PERSONAL PERMANENTE);BESTE ATALETAN BILDU EZ DIREN ONDASUN HIGIGARRIEN ALOGERA (PERTSONAL IRAUNKORR 
1859002;ALQUILER DE NEGOCIO;NEGOZIOEN ALOGERA 
186110;ALQUILER DE VIVIENDAS;ETXEBIZITZEN ALOGERA 
186120;ALQUILER DE LOCALES INDUSTRIALES Y OTROS ALQUILERES N.C.O.P.;INDUSTRI LOKALEN ALOGERA ETA BESTE ATALETAN BILDU EZ DIREN BESTE ZENBAIT ALOGE 
186200;ALQUILER DE BIENES INMUEBLES DE NATURALEZA RUSTICA;LANDA-ONDASUN HIGIEZINEN ALOGERA 
191100;SERVICIOS AGRICOLAS Y GANADEROS;NEKAZAL ETA ABELTZANTZAZKO ZERBITZUAK 
191200;SERVICIOS FORESTALES;OIHAN ZERBITZUAK 
192110;SERVICIOS DE LIMPIEZA DE CALLES, VIAS PUBLICAS Y JARDINES;KALE, BIDE PUBLIKO ETA LORATEGIEN GARBIKETA ZERBITZUAK 
192120;SERVICIOS DE RECOGIDA DE BASURAS Y DESECHOS;ZARAMA ETA HONDAKINEN BILKETA ZERBITZUAK 
192130;EXTERMINIO DE ANIMALES DAÑINOS Y DE DESINFECCION DE CUALQUIER CLASE;ZIZANIEN DESAGERTARAZPENA ETA EDOZEIN MOTATAKO DESINFEKTAKETA 
192140;SERVICIO DE ALCANTARILLADO, EVACUACION Y DEPURACION DE AGUAS RESIDUALES;ESTOLDERIA, HONDAKIN UREN EBALUAKETA ETA ARAZKETA ZERBITZUA 
192150;SERVICIOS DE INCINERACION Y ELIMINACION DE BASURA Y DESECHOS;ZARAMA ETA HONDAKINEN ERRAUSKETA ETA DESAGERTARAZPEN ZERBITZUAK 
192160;SERVICIOS DE PROTECCION Y ACONDICIONAMIENTO AMBIENTAL:CONTRA RUIDOS,VIBRACION.;INGURUGIRO BABES ETA GIROKETA ZERBITZUAK: HOTS, DARDARAZO, KUTSADURA ETA ABAR 
192170;SERVICIOS DE PROTECCION CONTRA INCENDIOS Y ACCIDENTES;SUTEEN AURKAKO ETA ISTRIPUEKIKO BABES ZERBITZUAK 
192180;SERVICIOS DE ADMINISTRACION DE CEMENTERIOS;KANPOSANTUEN ADMINISTRAZIO ZERBITZUAK 
192190;OTROS SERVICIOS DE SANEAMIENTO Y SIMILARES N.C.O.P.;BESTELAKO ATALETAN EZ BILDUTAKO SANEAMENDU ZERBITZUAK ETA ANTZEKOAK 
192200;SERVICIOS DE LIMPIEZA;GARBIKETA ZERBITZUAK 
193110;GUARDERIA Y ENSEÑANZA DE EDUCACION INFANTIL, EXCLUSIVAMENTE.;ESKOLAURREKO HEZIKETAKO IRAKASKUNTZA, SOIL SOILIK 
193120;ENSEÑANZA DE EDUCACION: EDUCACION PRIMARIA Y/O E.S.O, EXCLUSIVAMENTE.;OINARRIZKO HEZIKETAKO ETA/EDO D.B.H.KO IRAKASKUNTZA, BAKAR BAKARRIK. 
193130;ENSEÑANZA BACHILLERATO, ORIENTACION UNIVERSITARIA, FORMACION PROFESIONAL Y CIC;BATXILERGO, UNIBERTSITATERA BIDERATZEKO IKASTURTE, LANBIDE HEZIKETA ETA MAILA 
193140;ENSEÑANZA DE MAS DE UNA MODALIDAD DE LAS RECOGIDAS EN LOS EPIGRAFES ANTERIORES;AURREKO EPIGRAFEETAN BILDUTAKO MODALITATEETARIKO BAT BAINO GEHIAGOKO IRAKASKU 
193150;ENSEÑANZA DE EDUCACION SUPERIOR;GOIMAILAKO HEZKUNTZAKO IRAKASKUNTZA 
193210;ENSEÑANZA DE FORMACION Y PERFECCIONAMIENTO PROFESIONAL, NO SUPERIOR;LANBIDE HEZIKETA ETA TREBAKUNTZAKO, EZ GOIMAILAKOA, IRAKASKUNTZA 
193220;ENSEÑANZA DE FORMACION Y PERFECCIONAMIENTO PROFESIONAL SUPERIOR;GOIMAILAKO LANBIDE HEZIKETA ETA TREBAKUNTZAKO IRAKASKUNTZA 
193310;ENSEÑANZA DE CONDUCCION DE VEHICUOS TERRESTRES, ACUATICOS, AERONAUTICOS, ETC.;LURGAINEKO ETA URGAINEKO IBILGAILUAK, NAHIZ AERONAUTIKOAK, ETABAR GIDATZEKO IR 
193320;PROMOCION DE CURSOS Y ESTUDIOS EN EL EXTRANJERO.;ATZERRIKO IKASTARO ETA IKASKETEN SUSTAPENA 
193390;OTRAS ACTIV.ENSEÑANZA,COMO IDIOMA, CORTE-CONFEC.MECANO.TAQUI.OPOSICION N.C.O.P;IRAKASKUNTZAKO BESTE IHARDUERA BATZU, BESTELAKO ATALETAN BILDU EZ DIRENAK, HA 
193400;ENSEÑANZA FUERA DE ESTABLECIMIENTO PERMANENTE;ESTABLEZIMENDU IRAUNKORRETIK KANPOKO IRAKASKUNTZA 
193510;COLEGIOS MAYORES;IKASTETXE NAGUSIAK ETA IKASLE EGOITZAK 
193520;RESIDENCIAS DE ESTUDIANTES;IKASTETXE NAGUSIAK ETA IKASLE EGOITZAK 
193600;INVESTIGACION CIENTIFICA Y TECNICA;IKERKUNTZA ZIENTIFIKOA ETA TEKNIKOA 
194110;HOSPITALES GENERALES;OSPITAL OROKORRAK 
194120;HOSPITALES ESPECIALIZADOS (QUIRURGICOS,MATERNIDAD,INFANTILES,PSQUIATRICO,ETC.);GIZA MEDIKUNTZAKO OSPTITALAK, KLINIKAK ETA SENDATEGIAK 
194210;CONSULTORIOS MEDICOS, CENTROS DE SOCORRO, SANITARIOS Y CLINICOS DE URGENCIA;ITAUNDEGI MEDIKOAK, SOROSTETXEAK, SANITATETEGIAK ETA PREMIAZKO ZENTRU KLINIKOA 
194220;BALNEARIOS Y BAÑOS;BAINUETXEAK ETA BAINUTEGIAK 
194290;OTROS SERVICIOS SANITARIOS SIN INTERNADO, NO CLASIFICADOS EN ESTE GRUPO;INTERNADURIK GABEKO BESTELAKO SANITATE ZERBITZUAK, TALDE HONETAN EZ SAILKATUT 
194300;CONSULTAS Y CLINICAS DE ESTOMATOLOGIA Y ODONTOLOGIA;ESTOMATOLOGIA ETA ODONTOLOGIA ITAUNDEGIAK ETA KLINIKAK 
194400;SERVICIOS DE NATUROPATIA, ACUPUNTURA Y OTROS SERVICIOS PARASANITARIOS;NATUROPATIA ZERBITZUAK, AKUPUNTURA ETA BESTE ZERBITZU PARASANITARIO BATZU 
194500;CONSULTAS Y CLINICAS VETERINARIAS;ABEL ITAUNDEGIA ETA KLINIKAK 
195100;ASISTENCIA Y SERV.SOCIAL.PARA NIÑO,JOVENE,DISMINUIDO FISICO Y ANCIANO, EN RES.;HAUR, GAZTE, MINUSBALIODUN FISIKO ETA ADINEKOENTZAKO EGOITZETAKO URGAZPENA ET 
195200;ASISTENCIA Y SERV.SOCIAL.PARA NIÑO,JOVEN,DISMINUIDO FISICO Y ANCIANO,NO RESID.;HAUR, GAZTE, MINUSBALIODUN FISIKO ETA ADINEKOENTZAKO EGOITZETAKO URGAZPENA ETA 
196110;PRODUCCION DE PELICULAS CINEMATOGRAFICAS (INCLUSO VIDEO);ZINE FILMEEN (BIDEOA BARNE) EKOIZPENA 
196120;DOBLAJE, SINCRONIZACION Y MONTAJE PELICULAS-CINTAS CINEMATOGR.NO EMPRE.PRODUC.;ZINE FILME NAHIZ ZINTEN (BIDEOENAK BARNE) BIKOIZKETA, SINKRONIZAZIOA ETA MUNT 
196130;DECORACIONES ESCENICAS PARA PELICULAS-CINTAS CINEMATOGRA.NO POR LA PRODUCTORA;ZINE FILM NAHIZ ZINTEETARAKO ESZENAKO DEKORAZIOAK, BETI ERE ENPRESA EKOIZLEAK 
196210;DISTRIBUCION Y VENTA DE PELICULA CINEMATOGR.EXC.PELICU.EN SOPORTE MAGNETOSCOP.;ZINE FILMEEN BANAKETA ETA SALMENTA, ZINTA MAGNETOSKOPIKOAREN EUSKARRIKO FILME 
196220;DISTRIBUCION Y VENTA POR MAYOR PELICULA CINEMA.EN SOPORTE CINTA MAGNETOSCOPICA;ZINTA MAGNETOSKOPIKOAREN EUSKARRIKO ZINE FILMEEN HANDIZKAKO BANAKETA ETA SALM 
196310;EXHIBICION DE PELICULAS CINEMATOGRAFICAS Y VIDEOS EN SALAS DE CINE;ZINE ETA BIDEO FILMEEN ERAKUSKETA 
196320;EXHIBICION DE PELICULAS CINEMATOGRAFICAS Y VIDEOS AL AIRE LIBRE;ZINE ETA BIDEO FILMEEN AIRE ZABALEKO ERAKUSKETAK 
196330;EXHIBICION PELICULAS CINEMATOGRAFICAS Y VIDEO FUERA ESTABLECIMIENTO PERMANENTE;ZINE ETA BIDEO FILMEEN ESTABLEZIMENDU IRAUNKORRETIK KANPOKO ERAKUSKETAK 
196340;EXHIBICION PELICULA Y VIDEO EN ESTABL.DISTINTO DE ESPEC.EP.963.1-.2-.3 ANTERI.;AURREKO 963.1, 963.2 ETA 963.3. EPIGRAFEETAN ZEHAZTUTAKOEZ BESTELAKO ESTABLEZI 
196410;SERVICIOS DE RADIODIFUSION;IRRATIHEDAPEN ZERBITZUAK 
196420;SERVICIOS DE TELEVISION;TELEBISTA ZERBITZUAK 
196430;SERVICIOS DE ENLACE Y TRANSMISION DE SEÑALES DE TELEVISION;TELEBISTA SEINALEEN LOTURA ETA TRANSMISIO ZERBITZUAK 
196510;ESPECTACULOS EN SALAS Y LOCALES (EXCEPTO ESPECTACULOS TAURINOS);ARETO ETA LOKALETAKO IKUSKIZUNAK (ZEZEN IKUSKIZUNAK IZAN EZIK) 
196520;ESPECTACULOS AL AIRE LIBRE (EXCEPTO ESPECTACULOS TAURINOS);AIRE ZABALEKO IKUSKIZUNAK (ZEZEN IKUSKIZUNAK IZAN EZIK) 
196530;ESPECTACULOS FUERA DE ESTABLECIMIENTO PERMANENTE (EXCEPTO ESPECTACULO TAURINO);ESTABLEZIMENDU IRAUNKORRETIK KANPOKO IKUSKIZUNAK (ZEZEN IKUSKIZUNAK IZAN EZIK) 
196540;EMPRESAS DE ESPECTACULOS;IKUSKIZUNETAKO ENPRESAK 
196550;ESPECTACULOS TAURINOS;ZEZEN MUNDUKO IKUSKIZUNAK 
196610;BIBLIOTECAS Y MUSEOS;BIBLIOTEKAK ETA MUSEOAK 
196620;PARQUES ZOOLOGICOS, JARDINES BOTANICOS Y SIMILARES;PARKE ZOOLOGIKOAK, LORATEGI BOTANIKOAK ETA ANTZEKOAK 
196690;OTROS SERVICIOS CULTURALES N.C.O.P.;BESTE KULTUR ZEBITZU BATZUK 
196710;INSTALACIONES DEPORTIVAS;KIROL INSTALAKUNTZAK 
196720;ESCUELAS Y SERVICIOS DE PERFECCIONAMIENTO DEL DEPORTE;KIROL HOBEKUNTZARAKO ESKOLAK ETA ZERBITZUAK 
196730;ALQUILER DE ARTICULOS PARA DEPORTE EN INSTALACIONES DEPORTIVAS;KIROL INSTALAKUNTZETARAKO KIROL GAIEN ALOGERA 
196810;INSTALACIONES PARA LA CELEBRACION DE ESPECTACULOS DEPORTIVOS;KIROL IKUSKIZUNAK EGITEKO INSTALAKUNTZAK 
196820;ORGANIZACION ESPECTACULOS DEPORTIVOS EN INSTALAC.NO TITULARIDAD DE ORGANIZADO.;ANTOLATZAILEEN TITULARTASUNEKOAK EZ BESTELAKO INSTALAKUNTZETAKO KIROL IKUSKIZU 
196830;ORGANIZACION DE ESPECTACULOS DEPORTIVOS POR FEDERACIONES Y CLUBES NO PROFESIO.;ESPAINIAR ETA AUTONOMIA-MAILAKO FEDERAKUNDE ETA KLUB EZ-PROFESIONALEK EGINDA. 
196910;SALAS DE BAILE Y DISCOTECAS;DANTZA ARETOAK ETA DISKOTEGIAK 
196920;CASINOS DE JUEGO;JOKO-KASINOAK 
196930;JUEGO DE BINGO;BINGO JOKOA 
1969411;MAQUINAS RECREATIVAS TIPO A. CUOTA MUNICIPAL, EL TITULAR DEL ESTABLECIMIENTO;UDALAREN KUOTA, ESTABLEZIMENDUAREN TITULARRARI DAGOKIONA 
1969412;MAQUINAS RECREATIVAS TIPO A. CUOTA ESTATAL, EL PROPIETARIO DE LA MAQUINA.;ESTATUAREN KUOTA, A MAKINAREN TITULARRARI DAGOKIONA 
1969421;MAQUINAS RECREATIVAS TIPO B. CUOTA MUNICIPAL, EL TITULAR DEL ESTABLECIMIENTO;UDALAREN KUOTA, ESTABLEZIMENDUAREN TITULARRARI DAGOKIONA 
1969422;MAQUINAS RECREATIVAS TIPI B. CUOTA ESTATAL, EL PROPIETARIO DE LA MAQUINA.;ESTATUAREN KUOTA, B MAKINAREN TITULARRARI DAGOKIONA 
1969431;MAQUINAS RECREATIVAS TIPO C. CUOTA MUNICIPAL, EL TITULAR DEL ESTABLECIMIENTO;UDALAREN KUOTA, ESTABLEZIMENDUAREN TITULARRARI DAGOKIONA 
1969432;MAQUINAS RECREATIVAS TIPO C. CUOTA ESTATAL, EL PROPIETARIO DE LA MAQUINA.;ESTATUAREN KUOTA, C MAKINAREN TITULARRARI DAGOKIONA 
1969441;MAQUINAS DE APUESTAS. CUOTA MUNICIPAL, EL TITULAR DEL ESTABLECIMIENTO;APUSTU MAKINAK. UDAL KUOTA, ESTABLEZIMENDUAREN TITULARRARI DAGOKIENA 
1969442;MAQUINAS DE APUESTAS. CUOTA ESTATAL, EL PROPIETARIO DE LA MAQUINA AUXILIAR;APUSTU MAKINAK. ESTATUAREN KUOTA, MAKINAREN TITULARRARI DAGOKIENA 
196950;JUEGOS DE BILLAR, PING-PONG, BOLOS Y OTROS;BILARRAK, MAHAIKO TENISA, BOLOAK ETA BESTE JOKO BATZU 
196960;SALONES RECREATIVOS Y DE JUEGO;JOLAS ETA JOKO ARETOAK 
196970;OTRAS MAQUINAS AUTOMATICAS;BESTE MAKINA AUTOMATIKO BATZUK 
197110;TINTE,LIMPIEZA SECO,LAVADO Y PLANCHADO ROPAS HECHAS Y PRENDA Y ART.HOGAR USADO;EGINDAKO ARROPA ETA ETXEKO JANTZI ETA GAI ERABILIEN TINDAKETA, LEHORREKO GARBI 
197120;LIMPIEZA Y TEÑIDO DE CALZADO;OINETAKOEN GARBIKETA ETA TINDAKETA 
197130;ZURCIDO Y REPARACION DE ROPAS;ARROPEN SAREZTAKETA ETA KONPONKETA 
197210;SERVICIOS DE PELUQUERIA DE SEÑORA Y CABALLERO;GIZON ETA EMAKUMEZKOENTZAKO ILEAPAINKETA ZERBITZUAK 
197220;SALONES E INSTITUTOS DE BELLEZA;EDERGINTZA ARETOAK ETA INSTITUTUAK 
197310;SERVICIOS FOTOGRAFICOS;ARGAZKIGINTZA ZERBITZUAK 
197321;MAQUINA AUTOMATICA FOTOGRAF.CUOTA MUNICIPAL, EL TITULAR DEL ESTABLECIMIENTO;UDALAREN KUOTA, ESTABLEZIMENDUAREN TITULARRARI DAGOKIONA 
197322;MAQUINA AUTOMATICA FOTO.CUOTA ESTATAL, EL PROPIETARIO DE LA MAQUINA;ESTATUAREN KUOTA, MAKINAREN JABEARI DAGOKIONA 
197330;SERVICIOS DE COPIAS DE DOCUMENTOS CON MAQUINAS FOTOCOPIADORAS;FOTOKOKIAGAILUEN BIDEZKO AGIRI KOPIAGINTZA ZERBITZUAK 
197400;AGENCIAS DE PRESTACION DE SERVICIOS DOMESTICOS;ETXEKO ZERBITZUEN PRESTAKETA AGENTZIAK 
197500;SERVICIOS DE ENMARCACION;MARKOZTATZE ZERBITZUAK 
197910;SERVICIOS DE POMPAS FUNEBRES;BESTELAKO ATALETAN EZ BILDUTAKO BESTE ZERBITZU PERTSONALAK 
197920;ADORNO DE TEMPLOS Y OTROS LOCALES;TENPLOEN ETA BESTE LOKAL BATZUREN APAINKETA 
197930;AGENCIAS MATRIMONIALES Y OTROS SERVICIOS DE RELACIONES SOCIALES;EZKONTZ AGENTZIAK ETA GIZARTE HARREMANETAKO BESTE ZERBITZU BATZU 
197940;ADIESTRAMIENTO DE ANIMALES Y OTROS SERVICIOS DE ATENCIONES ANIMALES DOMESTICOS;ANIMALIEN HEZKUNTZA ETA ETXEKO ANIMALIENGANAKO ARRETAZKO BESTE ZERBITZU BATZU 
197990;OTROS SERVICIOS PERSONALES N.C.O.P.;BESTELAKO ATALETAN EZ BILDUTAKO BESTE ZERBITZU PERTSONALAK 
198110;CURIOSIDADES,BIEN NATURALES O ARTIFICIALES,EN PARQUES,CASTILLOS,GRUTAS,CUEVAS,;PARKE, GAZTELU, HAIZPE. KOBA ETABARRETAN JARRITAKO IKUSGARRIAK, NATURALAK NAHI 
198120;JARDINES DE RECREO EN LOS QUE LA ENTRADA ES POR PRECIO;SARRERA ORDAINDU BEHARREKO JOLASTOKIAK 
198130;PARQUE ATRACCIONES, INCLUIDO ACUATICOS Y ANALOGOS, DE CARACTER ESTABLE;IKUSKIZUNETAKO PARKEAK, IZAERA IRAUNKORREKOAK, URJOLASPARKEAK ETA ANTZEKOAK BA 
198210;TOMBOLAS Y RIFAS AUTORIZADAS, EN ESTABLECIMIENTO PERMANENTE;ESTABLEZIMENDU IRAUNKORREKO TONBOLA ETA ZOZKETA BAIMENDUAK 
198220;TOMBOLAS Y RIFAS AUTORIZADAS FUERA DE ESTABLECIMIENTO PERMANENTE;ESTABLEZIMENDU IRAUNKORRETIK KANPOKO TONBOLA ETA ZOZKETA BAIMENDUAK 
198230;EXPOSICION DE FIGURAS DE CERA EN ESTABLECIMIENTO PERMANENTE;EZKOZKO IRUDIEN ERAKUSKETAK ESTABLEZIMENDU IRAUNKORRETAN 
198240;OTRAS ATRACCIONES,COMERCIO MENOR Y RESTAURACION PROPIOS DE FERIAS Y VERBENAS..;AZOKA ETA BERBENEI DAGOZKIEN BEREZKO BESTELAKO IKUSKIZUNAK, ESTABLEZIMENDU IR 
198251;ORGANIZACION Y CELEBRACION DE APUESTAS DEPORTIVAS, LOTERIAS Y OTROS JUEGOS NO;KIROL APUSTUAK, LOTERIAK ETA BESTE JOKO BATZUK ANTOLATZEA ETA EGITEA 
198252;EXPENDEDORES OFICIALES DE LOTERIAS, APUESTAS DEPORTIVAS INCLUIDOS EN SELAE;ELAES SARE KOMETZIALEAN SARTUTA DAUDEN LOTERIA, KIROL APUSTUAK ETA BESTE JOKO 
198253;EXPENDEDORES OFICIALES DE LOTERIAS, APUESTAS DEPORTIVAS NO INCLUIDOS EN SELAE;ELAES BARIK BESTE ERAKUNDE BATZUEN MENPEKO LOTERIA, KIROL APUSTU ETA BESTE JOK 
198254;EXPENDEDORES NO OFICIALES AUTORIZADOS PARA LA RECEPCION DE APUESTAS DEPORTIVAS;KIROL APUSTUAK, BESTELAKO JOKOAK ETA ASKOTARIKO LOTERIAK JASOTZEKO BAIMEN DUTE 
198300;AGENCIAS DE COLOCACION DE ARTISTAS;ARTISTEI KOLOKAZIOA BILATZEKO AJENTZIAK 
198910;EXPEDICION DE BILLETES DE ESPECTACULOS PUBLICOS;JENDAURREKO IKUSKIZUNETAKO TXARTELEN LUZAPENA 
198920;SERVICIOS DE ORGANIZACION DE CONGRESOS, ASAMBLEAS Y SIMILARES;KONGRESU, BATZARRE ETA ANTZEKOEN ANTOLAKETA ZERBITZUAK 
198930;PARQUES O RECINTOS FERIALES / FERIA-PARKE EDO BARRUTIAK;FERIA-PARKE EDO BARRUTIAK 
199100;PRESTACION DE SERVICIOS POR SOCIEDADES DE DESARROLLO INDUSTRIAS REGIONAL;HERRIALDEKO INDUSTRI GARAPENERAKO SOZIETATEEN ZERBITZUGINTZA 
199900;OTROS SERVICIOS N.C.O.P.;BESTELAKO ATALETAN BILDU EZ DIREN ZERBITZUAK 
201100;DOCTORES Y LICENCIADOS EN CIENCIAS BIOLOGICAS;BIOLOGIA ZIENTZIETAKO DOKTOREAK ETA LIZENTZIADUNAK 
201200;INGENIEROS AGRONOMOS Y DE MONTES;NEKAZAL ETA BASO INGENIARIAK 
201300;VETERINARIOS;ALBAITARIAK 
202100;TECNICOS EN BIOLOGIA, AGRONOMIA Y SILVICULTURA;BIOLOGIA, NEKAZARITZA ETA OIHANLANGINTZAKO TEKNIKARIAK 
202200;INGENIEROS TECNICOS AGRICOLAS E INGENIEROS TECNICOS FORESTALES;NEKAZAL INGENIARI TEKNIKOAK ETA OIHAN INGENIARI TEKNIKOAK 
202300;INGENIEROS TECNICOS TOPOGRAFOS;TOPOGRAFIAZKO INGENIARI TEKNIKOAK 
202400;AUXILIARES Y AYUNDANTES EN VETERINARIA (SEXADORES DE POLLOS, CASTRADORES, ETC);ALBAITARITZAKO LAGUNTZAILEAK ETA URGAZLEAK (OILASKOEN SEXU IGERLEAK, IRENTZAIL 
209900;OTROS PROF. RELACIONADOS CON LA AGRIC., GANAD., CAZA, SILV. Y PESCA N.C.O.P.;NEKAZARITZA, ABELTZANTZA, EHIZA, .... ZERIKUSIRIK BESTE PROFESIONARIAK 
211100;DOCTORES Y LICENCIADOS EN CIENCIAS FISICAS,GEOFISICAS Y GEOLOGICAS;FISIKA ZIENTZIETAKO DOKTOREAK ETA LIZENTZIADUNAK, GEOFISIKA ZIENTZIETAKO DOKTO 
211200;INGENIEROS DE MINAS;MEATZE INGENIARIAK 
212100;DOCTORES Y LICENCIADOS EN CIENCIAS QUIMICAS;KIMIKA ZIENTZIETAKO DOKTOREAK ETA LIZENTZIADUNAK 
213100;INGENIEROS TECNICOS DE MINAS, FACULTATIVOS Y PERITOS;MEATZE INGENIARI TEKNIKARIAK, FAKULTATIBOAK, ETA PERITUAK 
219900;OTROS PROF.RELAC.CON ACTI.PROPIAS DE ENERGIA,AGUA,MINERIA E IND.QUIMICA NCOP.;ENERGIA, URA, MEATARITZA ETA IND.KIM. BEREZKO IHARDUEREKIN ZERIK.BESTE PROFE. 
221100;INGENIEROS AERONAUTICOS;AERONAUTIKAKO INGENIARIAK 
221200;INGENIEROS NAVALES;ITSAS INGENIARIAK 
221300;INGENIEROS DE TELECOMUNICACION;TELEKOMUNIKAZIO INGENIARIAK 
221400;INGENIERO DE ARMAMENTO Y CONSTRUCCION,DE ARMAS NAVALES Y ELECTROMECAN.DEL ICAI;ARMAGINTZA ETA ERAIKUNTZA, ITSAS ARMAGINTZAKO INGENIARIAK ETA ICAIKO ELEKTROME 
222100;INGENIEROS TECNICOS AERONAUTICOS, AYUDANTES Y PERITOS;AERONAUTIKAKO INGENIARI TEKNIKOAK, LAGUNTZAILEAK ETA PERITUAK 
222200;INGENIEROS TECNICOS DE TELECOMUNICACION, AYUDANTES Y PERITOS;TELEKOMUNIKAZIO INGENIARI TEKNIKOAK, LAGUNTZAILEAK ETA PERITUAK 
222300;AYUDAN.DE INGEN.DE ARMAMENTO Y CONST.,ARMAS NAVALES E ING.TECN.ELECTROMEC.ICAI;ARMAGINTZA ETA ERAIKUNTZA, ITSAS ARMAGINTZA INGENIARI LAGUNTZAILEAK 
222400;DIBUJANTES TECNICOS;MARRAZKILARI TEKNIKOAK 
222500;TECNICOS EN TELECOMUNICACION;TELEKOMUNIKAZIO TEKNIKARIAK 
222600;TECNICOS EN SONIDO;SOINU TEKNIKARIAK 
222700;TECNICOS EN ILUMINACION;ARGITERIA TEKNIKARIAK 
222800;INGENIEROS TECNICOS NAVALES, AYUDANTES Y PERITOS.;ITSASUNTZIGINTZAKO INGENIARI TEKNIKOAK, LAGUNTZAILEAK ETA PERITUAK 
229900;OTROS PROF.RELAC.CON INDUS.AERONAUTICA,TELECOMUNI.Y MECANICA PRECISION N.C.O.P;AERONAUTIKA, TELEKOMUNIKAZIO ETA DOITASUNEZKO MEKANIK.ZERIKUSIRIK BESTE PROFES 
231100;INGENIEROS INDUSTRIALES Y TEXTILES;INDUSTRIA ETA EHUNGINTZA INGENIARIAK 
232100;INGENIEROS TECNICOS INDUSTRIALES Y TEXTILES, AYUDANTES Y PERITOS;INDUSTRIA ETA EHUNGINTZA INGENIARIA TEKNIKOAK, LAGUNTZAILEAK ETA PERITUAK 
232200;TECNICOS EN ARTES GRAFICAS;ARTE GRAFIKOETAKO TEKNIKARIAK 
239900;OTROS PROFESIONALES RELACIONADOS CON OTRAS INDUSTRIAS MANUFACTURERAS N.C.O.P.;MANUFAKTURAZKO BESTE INDUSTRIEKIN ZERIKUSIRIK PROFESIONARIAK 
241100;ARQUITECTOS;ARKITEKTOAK 
241200;INGENIEROS DE CAMINOS, CANALES Y PUERTOS;BIDE, KANAL ETA PORTUETAKO INGENIARIAK 
242100;ARQUITECTOS TECNICOS Y APAREJADORES;ARKITEKTO TEKNIKOAK ETA APAREJADOREAK 
242200;INGENIEROS TECNICOS DE OBRAS PUBLICAS, AYUDANTES Y PERITOS;OBRA PUBLIKOETAKO INGENIARI TEKNIKOAK, LAGUNTZAILEAK ETA PERITUAK 
243100;DELINEANTES;DELINEATZAILEAK 
243200;DECORADORES-DISEÑADORES DE INTERIORES;BARRU APAINTZAILE DISEINATZAILEAK 
244100;TECNICOS SUPERIORES EN DESARROLLO DE PROYECTOS URBANISTICOS Y OPERAC.TOPOGRAF.;HIRIGINTZA PROYEKTUEN GARAPENEKO ETA TOPOGRAFI LANETAKO GOI MAILAKO TEKNIKOAK 
245100;INGENIERO EN GEODESIA Y CARTOGRAFIA;GEODESIA ETA KARTOGRAFIAKO INGENIARIA 
249900;OTROS PROFESIONALES RELACIONADOS CON LA CONSTRUCCION N.C.O.P.;ERAIKUNTZAREKIN ZERIKUSIRIK IZAN ETA BESTELAKO ATALETAN BILDU EZ DIREN BESTE P 
251100;AGENTES COMERCIALES;MERKATARITZA AGENTEAK 
252100;TECNICOS EN HOSTELERIA;OSTALARITZAKO TEKNIKARIAK 
259900;OTROS PROFESIONALES RELACIONADOS CON EL COMERCIO Y LA HOSTELERIA N.C.O.P.;MERKATARITZA ETA OSTALARITZAREKIN ZERIKUSIRIK IZAN ETA BABE BESTE PROFESIONARI 
261100;AGENTES DE FERROCARRILES;TRENBIDEETAKO AGENTEAK 
261200;CONDUCTORES DE VEHICULOS TERRESTRES;LURGAINEKO IBILGAILU GIDARIAK 
269900;OTROS PROFESIONALES RELACIONADOS CON EL TRANSPORTE Y LAS COMUNICACIONES NCOP.;GARRAIOAREKIN ZERIKUSIRIK IZAN ETA BESTELAKO ATALETAN BILDU EZ DIREN BESTE PRO 
271100;ACTUARIOS DE SEGUROS;ASEGURU IHARDULARIAK 
271200;AGENTES REPRESENTANTES Y CORREDORES DE SEGUROS;ORDEZKARITZA AGENTEAK ETA ASEGURU ARTEKARIAK 
272100;AGENTES COLEGIADOS DE LA PROPIEDAD INDUSTRIAL Y DE LA PROPIEDAD INMOBILIARIA;INDUSTRI JABETZA ETA HIGIEZINEN JABETZAKO ELKARGOKO AGENTEAK 
272200;GESTORES ADMINISTRATIVOS;ADMINISTRAZIO KUDEATZAILEAK 
272300;ADMINISTRADORES DE FINCAS;FINKA ADMINISTRATZAILEAK 
272400;INTERMEDIARIOS EN LA PROMOCION DE EDIFICACIONES;ERAIKUNTZA SUSTAPENEKO BITARTEKOAK 
272500;HABILITADOS DE CLASES PASIVAS;KLASE PASIBOEN GAITUAK 
272600;GRADUADOS SOCIALES;GIZARTE GRADUDUNAK 
272700;AGENTES O INTERMEDIARIOS EN FACILITAR PRESTAMOS;MAILEGUAK LORTZEKO AGENTE EDO BITARTEKOAK 
272800;AGENTES DE ADUANAS;ADUANA AGENTEAK 
273100;ABOGADOS;ABOKATUAK 
273200;PROCURADORES;PROKURADOREAK 
273300;NOTARIOS;NOTARIAK 
273400;REGISTRADORES;ERREGISTRARIAK 
274100;ECONOMISTAS;EKONOMILARIAK 
274200;INTENDENTES Y PROFESORES MERCANTILES;MERKATAL IRAKASLEAK ETA INTENDENTEAK 
274300;PERITOS MERCANTILES;MERKATAL PERITUAK 
274400;DIPLOMADOS EN CIENCIAS EMPRESARIALES;ENPRESA ZIENTZIETAKO DIPLOMADUNAK 
274600;CORREDORES DE COMERCIO LIBRES;MERKATAL ARTEKARI LIBREAK 
274700;AUDITORES DE CUENTAS Y CENSORES JURADOS DE CUENTAS;KONTU AUDITOREAK ETA ZINPEKO KONTU AZTERLARIAK 
274800;ADMINISTRADORES DE LA CARTERA DE VALORES;BALORE KARTERAKO ADMINISTRARIAK 
274900;CORREDORES INTERPRETES Y CORREDORES MARITIMOS;ARTEKARI INTERPRETARIAK ETA ITSAS ARTEKARIAK 
275100;PROFESIONALES DE LA PUBLICIDAD, RELACIONES PUBLICAS Y SIMILARES;PUBLIZITATE, HARREMAN PUBLIKOETAKO ETA ANTZEKO PROFESIONARIAK 
276100;DOCTORES Y LICENCIADOS EN CIENCIAS EXACTAS Y ESTADISTICAS;ZIENTZIA ZEHATZETAKO ETA ESTATISTIKETAKO DOKTOREAK ETA LIZENTZIATUAK 
276200;DOCTORES Y LICENCIADOS EN INFORMATICA;INFORMATIKAKO DOKTOREAK ETA LIZENTZIADUNAK 
276300;PROGRAMADORES Y ANALISTAS DE INFORMATICA;INFORMATIKAKO PROGRAMATZAILEAK ETA ANALISGILEAK 
276400;DIPLOMADOS EN INFORMATICA;INFORMATIKAKO DIPLOMADUNAK 
276500;GRABADOR INFORMATICO Y OTROS PROF.AUXILIA.DEL TRATAMIENTO ELECTRONICO DE DATOS;INFORMATIKAKO GRABATZAILEAK ETA DATUEN ELEKTRONIKAZKO TRATAMENDUETAKO PROFESIO 
277100;AGENTES COBRADORES DE FACTURAS,EFECTOS COMERCIALES,PRESTAMOS Y DCHOS.TODA CLA.;FAKTURA, MERKATAL EFEKTU, MAILEGU ETA ERA GUZTIETAKO ESKUBIDEEN AGENTE KOBRATZ 
277200;ESTENOTIPISTAS, MECANOGRAFOS,TAQUIGRAFOS Y OTROS PROFESIONALES ADMINISTRATIVOS;ESTENOTIPISTAK, MEKANOGRAFOAK, TAKIGRAFOAK ETA ADMINISTRAZIO BESTE PROFESIONAR 
277300;DETECTIVES PRIVADOS Y PROFESIONALES QUE PRESTAN SERV.DE VIGILANCIA,PROTECCION,;JAGOTZA, BABES ETA SEGURTASUN ZERBITZUETAN DIHARDUTEN DETEKTIBE PRIBATUAK ETA 
277400;TRADUCTORES E INTERPRETES;ITZULTZAILEAK ETA INTERPRETARIAK 
277500;DOCTORES Y LICENCIADOS EN FILOSOFIA Y LETRAS;FILOSOFIA ETA LETRETAKO DOKTOREAK ETA LIZENTZIADUNAK 
277600;DOCTORES Y LICENCIADOS CIENCIAS POLITICAS Y SOCIALES,PSICOLOGOS,ANTROPOLOGOS,;ZIENTZIA POLITIKO ETA SOZIALETAKO DOKTOREAK ETA LIZENTZIADUNAK, PSIKOLOGOAK, A 
277700;ESPECIALISTAS EN ASUNTOS DE PERSONAL Y ORIENTACION Y ANALISIS PROFESIONAL;PERTSONAL ETA LANBIDEZKO ORIENTABIDE ETA AZTERLAN ARAZOETAKO ESPEZIALISTAK 
277800;DIPLOMADOS EN BIBLIOTECOMANIA Y DOCUMENTACION;BIBLIOTEKONOMIA ETA AGIRIZAINTZA-DIPLOMADUNAK 
279800;OTROS PROFESIONALES RELACIONADOS CON LAS ACTIVIDADES FINANCIERAS Y JURIDICAS,;BABE FINANTZA JARUEREKIN ETA JARDUERA JURIDIKOEKIN LOTUTAKO BESTE PROFESIONARI 
279900;OTROS PROFESIONALES RELACIONADOS CON ACTIVIDADES DE SEGUROS Y DE ALQUILER NCOP;BABE ASEGURU ETA ALOGEREKIN LOTUTAKO BESTE PROFESIONARI BATZU 
281100;PROFESIONALES QUE PRESTAN SERVICIOS DE LIMPIEZA;GARBIKETA ZERBITZUETAN DIHARDUTEN PROFESIONARIAK 
282100;PERSONAL DOCENTE DE ENSEÑANZA SUPERIOR;GOIMAILAKO IRAKASKUNTZAKO IRAKASLEGOA 
282200;PERSONAL DOCENTE DE ENSEÑANZA MEDIA;IRAKASKUNTZA ERTAINEKO IRAKASLEGOA 
282300;PERSONAL DOCENTE DE ENSEÑANZA GENERAL BASICA Y PREESCOLAR;OINARRIZKO HEZIKETA OROKORREKO ETA ESKOLAURREKO IRAKASLEGOA 
282400;PROFESORES DE FORMACION Y PERFECCIONAMIENTO PROFESIONAL;LANBIDEZKO HEZIKETA ETA TREBAKUNTZAKO IRAKASLEAK 
282500;PROFESORES DE CONDUCCION DE VEHICULOS TERRESTRES, ACUATICOS,AERONAUTICOS, ETC.;LURGAINEKO ETA URGAINEKO IBILGAILUAK, NAHIZ AERONAUTIKOAK, ETABAR, GIDATZEKO I 
282600;PERSONAL DOCENTE ENSEÑ.DIVERSA,EDUCACCION FISICA Y DEPORTE,IDIOMAS,MECANOGRAF.;HAINBAT IRAKASKUNTZATAKO IRAKASLEGOA, HALA NOLA HEZIKETA FISIKOA, HIZKUNTZAK, 
283100;MEDICOS DE MEDICINA GENERAL;MEDIKUNTZA OROKORREKO MEDIKUAK 
283200;MEDICOS ESPECIALISTAS (EXCLUIDOS ESTOMATOLOGOS Y ODONTOLOGOS);MEDIKU ESPEZIALISTAK (ESTOMATOLOGOAK ETA ODONTOLOGOAK IZAN EZIK) 
283300;ESTOMATOLOGOS;ESTOMATOLOGOAK 
283400;ODONTOLOGOS;ODONTOLOGOAK 
283500;FARMACEUTICOS;FARMAZEUTIKOAK 
283600;AYUDANTES TECNICOS SANITARIOS Y FISOTERAPEUTAS;SANITATEZKO LAGUNTZAILE TEKNIKOAK 
283700;PROTESICOS E HIGIENISTAS DENTALES;PROTESIGILEAK ETA HAGIN HIGIENISTAK 
283800;OPTICOS-OPTOMETRISTAS Y PODOLOGOS;OPTIKARI OPTOMETRARIAK 
283900;MASAJISTAS,BROMATOLOGOS,DIETISTAS Y AUXILIARES DE ENFERMERIA;MASAJEGILEAK, BROMATOLOGOAK, DIETAJARTZAILEAK ETA ERIZANTZAKO LAGUNTZAILEAK 
284100;NATUROPATAS, ACUPUNTORES Y OTROS PROFESIONALES PARASANITARIOS;NAUROPATAK, AKUPUNTURAGILEAK ETA BESTE PROFESIONARI PARASANITARIOAK 
285100;REPRESENTANTES TECNICOS DEL ESPECTACULO;IKUSKIZUNETAKO ORDEZKARI TEKNIKOAK 
285200;APODERADOS Y REPRESENTANTES TAURINOS;ZEZEN MUNDUKO AHALDUNAK ETA ORDEZKARIAK 
285300;AGENTES DE COLOCACION DE ARTISTAS;ARTISTEN LAN AGENTEAK 
285400;EXPERTOS EN ORGANIZACION DE CONGRESOS, ASAMBLEAS Y SIMILARES;KONGRESU, BATZAR ETA ANTZEKOEN ANTOLAKUNTZAN ARITUAK 
285500;AGENTES Y CORREDORES DE APUESTAS EN LOS ESPECTACULOS;IKUSKIZUNETAKO APOSTU AGENTEAK ETA ARTEKARIAK 
286100;PINTORES, ESCULTORES, CERAMISTAS, ARTESANOS, GRABADORES Y ARTISTAS SIMILARES;PINTOREAK, ESKULTOREAK, ARTISAUAK, GRABATZAILEAK ETA ANTZEKO ARTEGILEAK 
286200;RESTAURADORES DE OBRAS DE ARTE;ARTELANEN ZAHARBERRITZAILEAK 
287100;EXPENDEDOR OFICIAL LOTERIA,APUESTA DEPORTIVA Y OTROS JUEGOS,DEL ESTADO;LOTERIA, KIROL APOSTU ETA BESTELAKO JOKOEN SALTZAILE OFIZIALAK, ESTATUKO LOTER 
287200;EXPENDEDORES OFICIALES DE LOTERIAS,APUESTAS DEPORTIVAS Y OTROS NO DEL ESTADO;ESTATUKO LOTERIA ETA APOSTUEN ERAKUNDE NAZIONALARENAK EZ BESTELAKO ERAKUNDEEN 
287300;EXPENDEDORES NO OFICIALES AUTORIZADOS PARA LA RECEP. APUESTAS Y OTROS JUEGOS;KIROL APOSTUAK, BESTELAKO JOKOAK ETA LOTERIA EZBERDINAK JASOTZEKO BAIMENA DUTE 
288100;ASTROLOGOS Y SIMILARES;ASTROLOGOAK ETA ANTZEKOAK 
288200;GUIAS DE TURISMO;TURISMO GIDA INTERPRENTARIAK 
288300;GUIAS INTERPRETES DE TURISMO;TURISMO GIDA INTERPRENTARIAK 
288400;PERITOS TASADORES DE SEGUROS,ALHAJAS, GENEROS Y EFECTOS;ASEGURU, ALHAJA, GENERO ETA EFEKTUEN PERITU TASATZAILEAK 
288500;LIQUIDADORES Y COMISARIOS DE AVERIAS;MATXURA LIKIDATZAILEAK ETA KOMISARIAK 
288600;CRONOMETRADORES;KRONOMETRATZAILEAK 
288700;MAQUILLADORES Y ESTETICISTAS;MAKILATZAILEAK ETA ESTETIZISTAK 
288800;GRAFOLOGOS;GRAFOLOGOAK 
289900;OTROS PROFESIONALES RELACIONADOS CON SERVICIOS A QUE SE REFIERE ESTA DIVISION;ZATIKETA HONEK AIPATU ZERBITZUEKIN ZERIKUSIRIK DUTEN BESTE PROFESIONARIAK 
301100;DIRECTORES DE CINE Y TEATRO;ZINE ETA ANTZERKI ZUZENDARIAK 
301200;AYUDANTES DE DIRECCION;ZUZENDARITZA LAGUNTZAILEAK 
301300;ACTORES DE CINE Y TEATRO;ZINE ETA ANTZERKI AKTOREAK/AKTORESAK 
301400;EXTRAS ESPECIALIZADOS, DOBLES, COMPARSAS Y MERITORIOS;ESTRA ESPEZIALIZATUAK, DOBLEAK, KONPARTSAK ETA MERITORIOAK 
301500;OPERADORES DE CAMARAS DE CINE, DE TELEVISION Y VIDEO;ZINE, TELEBISTA ETA BIDEO KAMARETAKO OPERADOREAK 
301600;HUMORISTAS, CARICATOS, EXCENTRICOS, CHARLISTAS, RECITADORES, ILUSIONISTAS, ETC;UNORISTAK, KARIKATOAK, -CHARLISTAS- DERITZATENAK, ERREZITATZAILEAK, ILUSIONIST 
301700;APUNTADORES Y REGIDORES;APUNTATZAILEAK ETA ERREGIDOREAK 
301800;ARTISTAS DE CIRCO;ZIRKUKO ARTISTAK 
301900;OTRAS ACTIVIDADES RELACIONADAS CON EL CINE, EL TEATRO Y EL CIRCO, N.C.O.P.;ZINE, ANTZERKIA ETA ZIRKUAREKIN ZERIKUSIRIK IZAN ETA BESTELAKO ATALETAN BILDU 
302100;DIRECTORES COREOGRAFICOS;KOEROGRAFIA ZUZENDARIAK 
302200;BAILARINES;DANTZARIAK 
302900;OTRAS ACTIVIDADES RELACIONADAS CON EL BAILE N.C.O.P.;DANTZAREKIN ZERIKUSIRIK IZAN ETA BESTELAKO ATALETAN BILDU EZ DIREN BESTE IHARD 
303100;MAESTROS Y DIRECTORES DE MUSICA;MUSIKA MAISUAK ETA ZUZENDARIAK 
303200;INTERPRETES DE INSTRUMENTOS MUSICALES;MUSIKATRESNEN INTERPRETARIAK 
303300;CANTANTES;KANTARIAK 
303900;OTRAS ACTIVIDADES RELACIONADAS CON LA MUSICA N.C.O.P.;IZAN MUSIKAREN ZERIKUSIRIK ETA BESTELAKO ATALETAN BILDU EZ DIREN BESTE IHARDUE 
304100;JUGADORES Y ENTRENADORES DE FUTBOL;FUTBOL JOKALARIAK ETA ENTRENATZAILEAK 
304200;JUGADORES, ENTRENADORES Y PREPARADORES DE TENIS Y DE GOLF;TENIS ETA GOLF JOKALARIAK, ENTRENATZAILEAK ETA PREPARATZAILEAK 
304300;PILOTOS, ENTRENADORES Y PREPARADORES DE MOTOCICLISMO Y AUTOMIVILISMNO;MOTOZIKLISMO ETA AUTOMOBILISMOKO PILOTOAK, ENTRENATZAILEAK ETA PREPARATZAILEAK 
304400;BOXEADORES, ENTRENADORES Y PREPARADORES DE BOXEO.;BOXEOLARIAK, BOXEO ENTRENATZAILEAK ETA PREPARATZAILEAK 
304500;JUGADORES, ENTRENADORES Y PREPARADORES DE BALONCESTO.;SASKIBALOIKO JOKALARIAK, ENTRENATZAILEAK ETA PREPARATZAILEAK 
304600;CORREDORES, ENTRENADORES Y PREPARADORES DE CICLISM0;TXIRRINDULARIAK, TXIRRINDULARITZAKO ENTRENATZAILEAK ETA PREPARATZAILEAK 
304700;JUGADORES,ENTRENADORES Y PREPARADORES DE BALONMANO,VOLEIBOL,PELOTA,HIPICA,...;ESKUBALOI, BOLEIBOL, PILOTA JOKALARIAK, ENTRENATZAILEAK ETA PREPARATZAILEAK ET 
304800;ARBITROS DE ESPECTACULOS DEPORTIVOS;KIROL IKUSKIZUNETAKO EPAILEAK 
304900;OTRAS ACTIVIDADES RELACIONADAS CON EL DEPORTE N.C.O.P.;KIROLEKIN ZERIKUSIRIK IZAN ETA BESTELAKO ATALETAN EZ BILDUTAKO BESTE IHARDUERA 
305100;MATADORES DE TOROS;ZEZEN HILTZAILEAK 
305200;REJONEADORES;BURTZILARIAK 
305300;SUBALTERNOS;MENPEKOAK 
305400;JEFES DE CUADRILLAS COMICAS Y SIMILARES;KOADRILLA KOMIKO ETA ANTZEKOEN BURUAK 
305500;OTRO PERSONAL DE CUADRILLAS COMICAS Y SIMILARES;KUADRILLA KOMIKO ETA ANTZEKOETAKO BESTELAKO PERTSONALA 
305900;OTRAS ACTIVIDADES RELACIONADAS CON ESPECTACULOS TAURINOS N.C.O.P.;ZEZEN IKUSKIZUNEKIN ZERIKUSIRIK IZAN ETA BESTELAKO ATALETAN BILDU EZ DIREN BES 
451000;AGRICULTURA;NEKAZARITZA 
452000;GANADERIA DEPENDIENTE;MENPEKO ABELTZAINTZA 
453000;EXPLOTACION FORESTAL;BASO USTIAPEN 
4540001;SERVICIOS DE CRIA, GUARDA Y ENGORDE DE GANADO (AVES);GANADUA HAZI, JAGON ETA GIZENTZEKO ZERBITZUAK (HEGAZTIAK)
4540002;SERVICIOS DE CRIA, GUARDA Y ENGORDE DE GANADO (DISTINTO DE AVES);GANADUA HAZI, JAGON ETA GIZENTZEKO ZERBITZUAK (HEGAZTIEZ BESTELAKOAK)
4550000;SERVICIOS AGRICOLAS Y GANADEROS EXCLUIDOS DEL REAGyP;NAAAB-ETIK BAZTERTUTAKO NEKAZARITZA ETA ABELTZAINTZA ZERBITZUAK
4550001;SERVICIOS AGRICOLAS Y GANADEROS NO INCLUIDOS EN REAGyP;NAAAB-EN SARTU GABEKO NEKAZARITZA ETA ABELTZAINTZA ZERBITZUAK
456001;PESCA DE BAJURA;BAXURAKO ARRANTZA 
456002;PESCA (AGUA DULCE);ARRANTZA (UR GEZA) 
456003;PESCA MARITIMA (NO BAJURA);ITSAS-ARRANTZA (BAXURAKOA IZAN EZIK) 
4570001;APROVECHAMIENTO CEDENTE ACT. AGRICOLAS (APARCERIA) - PRODUCTOS AGRÍCOLAS;NEKAZARITZAKO JARDUEREN LAGATZAILEARI DAGOKION APROBETXAMENDUA (PARTEKARITZA) - NEKAZAL PRODUKTUAK
4570002;APROVECHAMIENTO CEDENTE ACT. AGRICOLAS (APARCERIA) - FORRAJES;NEKAZARITZAKO JARDUEREN LAGATZAILEARI DAGOKION APROBETXAMENDUA (PARTEKARITZA) - BAZKA
4570003;APROVECHAMIENTO CEDENTE ACT. AGRICOLAS (APARCERIA) - PLANTAS TEXTILES Y TABACO;NEKAZARITZAKO JARDUEREN LAGATZAILEARI DAGOKION APROBETXAMENDUA (PARTEKARITZA) - EHUN-PLANTAK ETA TABAKOA
458000;APROVECHAMIENTOS CEDENTE ACT. FORESTALES (APARCERIA);BASOGINTZAKO JARDUEREN LAGATZAILEARI DAGOZKION APROBETXAMENDUAK (ERDI.ARAU.) 
459000;OTROS SERVICIOS AGRICOLAS NO SUJETOS A IAE;BESTE E.J.Z.REN KARGAPEKO NEKAZARITZA ZERBITZUAK 
490000;OTRAS ACTIVIDADES NO SUJETAS AL I.A.E.;E.J.Z.REN KARGAPEAN EZ DAUDEN BESTE JARDUERA BATZUK 
